SK_PONTO;freq;model;N_Past_Vl;MSE;RMSE;MAE;MAPE;Duration;Best_Params;SVR-LSTM;SVR-MLP;SVR;LSTM;ARIMA1;ARIMA2;MLP
1;1-Hour;ARIMA1;1;4312,18;65,67;47,65;7,19;45,5;ARIMA(5,1,0)(0,0,0);999,0;999,0;999,0;999,0;7,19;999,0;999,0
1;1-Hour;ARIMA1;2;10231,06;101,15;82,88;11,66;54,5;ARIMA(1,1,0)(0,0,0);999,0;999,0;999,0;999,0;11,66;999,0;999,0
1;1-Hour;ARIMA1;3;36232,36;190,35;168,68;20,48;68,0;ARIMA(2,1,0)(0,0,0);999,0;999,0;999,0;999,0;20,48;999,0;999,0
1;1-Hour;ARIMA1;4;4014,02;63,36;43,98;6,69;155,7;ARIMA(3,1,0)(0,0,0);999,0;999,0;999,0;999,0;6,69;999,0;999,0
1;1-Hour;ARIMA1;5;7469,6;86,43;69,32;9,96;281,1;ARIMA(4,1,0)(0,0,0);999,0;999,0;999,0;999,0;9,96;999,0;999,0
1;1-Hour;ARIMA1;6;16589,71;128,8;103,58;13,94;51,7;ARIMA(0,1,0)(0,0,0);999,0;999,0;999,0;999,0;13,94;999,0;999,0
1;1-Hour;ARIMA2;1;4228,19;65,02;46,95;7,1;41,1;ARIMA(5,1,0)(0,0,0);999,0;999,0;999,0;999,0;999,0;7,1;999,0
1;1-Hour;ARIMA2;2;9571,75;97,84;81,06;11,47;49,6;ARIMA(2,1,0)(0,0,0);999,0;999,0;999,0;999,0;999,0;11,47;999,0
1;1-Hour;ARIMA2;3;15489,52;124,46;106,71;14,31;57,9;ARIMA(2,1,0)(0,0,0);999,0;999,0;999,0;999,0;999,0;14,31;999,0
1;1-Hour;ARIMA2;4;3972,49;63,03;43,61;6,64;142,5;ARIMA(3,1,0)(0,0,0);999,0;999,0;999,0;999,0;999,0;6,64;999,0
1;1-Hour;ARIMA2;5;3959,88;62,93;44,89;6,84;327,2;ARIMA(4,1,0)(0,0,0);999,0;999,0;999,0;999,0;999,0;6,84;999,0
1;1-Hour;ARIMA2;6;7565,05;86,98;65,05;9,48;87,5;ARIMA(1,1,0)(0,0,0);999,0;999,0;999,0;999,0;999,0;9,48;999,0
1;1-Hour;LSTM;1;1689,41;41,1;5,19;2,31;86,5; LSTM(100,90,96);999,0;999,0;999,0;2,31;999,0;999,0;999,0
1;1-Hour;LSTM;2;1787,82;42,28;10,34;3,04;81,2; LSTM(100,90,96);999,0;999,0;999,0;3,04;999,0;999,0;999,0
1;1-Hour;LSTM;3;1659,48;40,74;6,93;2,61;79,3; LSTM(100,90,96);999,0;999,0;999,0;2,61;999,0;999,0;999,0
1;1-Hour;LSTM;4;1613,21;40,16;6,01;2,54;85,3; LSTM(100,90,96);999,0;999,0;999,0;2,54;999,0;999,0;999,0
1;1-Hour;LSTM;5;1648,49;40,6;5,31;2,46;88,1; LSTM(100,90,96);999,0;999,0;999,0;2,46;999,0;999,0;999,0
1;1-Hour;LSTM;6;1671,47;40,88;5,93;2,49;82,3; LSTM(100,90,96);999,0;999,0;999,0;2,49;999,0;999,0;999,0
1;1-Hour;MLP;1;1825,48;42,73;11,59;3,58;123,5;{'activation': 'relu', 'alpha': 0,01, 'hidden_layer_sizes': (6, 18, 1), 'max_iter': 500, 'solver': 'adam'};999,0;999,0;999,0;999,0;999,0;999,0;3,58
1;1-Hour;MLP;2;1805,01;42,49;10,77;3,51;155,4;{'activation': 'relu', 'alpha': 0,0001, 'hidden_layer_sizes': (6, 12, 1), 'max_iter': 500, 'solver': 'adam'};999,0;999,0;999,0;999,0;999,0;999,0;3,51
1;1-Hour;MLP;3;1787,32;42,28;8,83;3,35;146,3;{'activation': 'identity', 'alpha': 0,01, 'hidden_layer_sizes': (4, 6, 1), 'max_iter': 500, 'solver': 'adam'};999,0;999,0;999,0;999,0;999,0;999,0;3,35
1;1-Hour;MLP;4;1789,38;42,3;9,32;3,41;161,1;{'activation': 'relu', 'alpha': 0,0001, 'hidden_layer_sizes': (6, 12, 1), 'max_iter': 500, 'solver': 'adam'};999,0;999,0;999,0;999,0;999,0;999,0;3,41
1;1-Hour;MLP;5;1808,63;42,53;9,68;3,42;173,4;{'activation': 'relu', 'alpha': 0,001, 'hidden_layer_sizes': (6, 12, 1), 'max_iter': 500, 'solver': 'adam'};999,0;999,0;999,0;999,0;999,0;999,0;3,42
1;1-Hour;MLP;6;1785,62;42,26;7,96;3,25;178,6;{'activation': 'identity', 'alpha': 0,01, 'hidden_layer_sizes': (2, 6, 1), 'max_iter': 500, 'solver': 'adam'};999,0;999,0;999,0;999,0;999,0;999,0;3,25
1;1-Hour;SVR-LSTM;1;1995,56;44,67;13,18;4,45;138,6;SVR-LSTM{'C': 12550, 'epsilon': 0.1, 'gamma': 1e-07, 'kernel': 'rbf'}-LSTM(100,96,90);4,45;999,0;999,0;999,0;999,0;999,0;999,0
1;1-Hour;SVR-LSTM;2;1867,54;43,22;11,4;3,54;116,9;SVR-LSTM{'C': 125550, 'epsilon': 0.01, 'gamma': 1e-08, 'kernel': 'rbf'}-LSTM(100,96,90);3,54;999,0;999,0;999,0;999,0;999,0;999,0
1;1-Hour;SVR-LSTM;3;4670,59;68,34;56,7;9,51;112,6;SVR-LSTM{'C': 125550, 'epsilon': 0.001, 'gamma': 1e-08, 'kernel': 'rbf'}-LSTM(100,96,90);9,51;999,0;999,0;999,0;999,0;999,0;999,0
1;1-Hour;SVR-LSTM;4;2768,83;52,62;15,7;4,78;101,1;SVR-LSTM{'C': 125550, 'epsilon': 0.1, 'gamma': 1e-08, 'kernel': 'rbf'}-LSTM(100,96,90);4,78;999,0;999,0;999,0;999,0;999,0;999,0
1;1-Hour;SVR-LSTM;5;2929,96;54,13;35,5;7,01;99,3;SVR-LSTM{'C': 12550, 'epsilon': 0.0001, 'gamma': 1e-08, 'kernel': 'rbf'}-LSTM(100,96,90);7,01;999,0;999,0;999,0;999,0;999,0;999,0
1;1-Hour;SVR-LSTM;6;1907,47;43,67;11,67;4,15;98,3;SVR-LSTM{'C': 12550, 'epsilon': 0.0001, 'gamma': 1e-08, 'kernel': 'rbf'}-LSTM(100,96,90);4,15;999,0;999,0;999,0;999,0;999,0;999,0
1;1-Hour;SVR-MLP;1;1934,1;43,98;11,84;3,89;258,1;{'C': 12550, 'epsilon': 0,1, 'gamma': 1e-07, 'kernel': 'rbf'};999,0;3,89;999,0;999,0;999,0;999,0;999,0
1;1-Hour;SVR-MLP;2;1835,18;42,84;9,92;3,37;299,4;{'C': 125550, 'epsilon': 0,01, 'gamma': 1e-08, 'kernel': 'rbf'};999,0;3,37;999,0;999,0;999,0;999,0;999,0
1;1-Hour;SVR-MLP;3;1851,61;43,03;12,73;3,75;283,6;{'C': 125550, 'epsilon': 0,001, 'gamma': 1e-08, 'kernel': 'rbf'};999,0;3,75;999,0;999,0;999,0;999,0;999,0
1;1-Hour;SVR-MLP;4;2348,94;48,47;8,9;3,56;268,7;{'C': 125550, 'epsilon': 0,1, 'gamma': 1e-08, 'kernel': 'rbf'};999,0;3,56;999,0;999,0;999,0;999,0;999,0
1;1-Hour;SVR-MLP;5;1798,43;42,41;8,81;3,32;176,6;{'C': 12550, 'epsilon': 0,0001, 'gamma': 1e-08, 'kernel': 'rbf'};999,0;3,32;999,0;999,0;999,0;999,0;999,0
1;1-Hour;SVR-MLP;6;1820,32;42,67;9,6;3,39;167,6;{'C': 12550, 'epsilon': 0,0001, 'gamma': 1e-08, 'kernel': 'rbf'};999,0;3,39;999,0;999,0;999,0;999,0;999,0
1;1-Hour;SVR;1;5265113,9;2294,58;664,06;28,94;1,2;{'C': 12550, 'epsilon': 0,1, 'gamma': 1e-08, 'kernel': 'rbf'};999,0;999,0;28,94;999,0;999,0;999,0;999,0
1;1-Hour;SVR;2;5689913,43;2385,35;726,91;30,8;1,3;{'C': 12550, 'epsilon': 0,0001, 'gamma': 1e-08, 'kernel': 'rbf'};999,0;999,0;30,8;999,0;999,0;999,0;999,0
1;1-Hour;SVR;3;6140903,03;2478,08;611,29;32,01;1,3;{'C': 12550, 'epsilon': 0,01, 'gamma': 1e-08, 'kernel': 'rbf'};999,0;999,0;32,01;999,0;999,0;999,0;999,0
1;1-Hour;SVR;4;6588880,91;2566,88;664,77;32,88;1,3;{'C': 12550, 'epsilon': 0,0001, 'gamma': 1e-08, 'kernel': 'rbf'};999,0;999,0;32,88;999,0;999,0;999,0;999,0
1;1-Hour;SVR;5;6231871,84;2496,37;932,11;32,75;1,3;{'C': 12550, 'epsilon': 0,1, 'gamma': 1e-08, 'kernel': 'rbf'};999,0;999,0;32,75;999,0;999,0;999,0;999,0
1;1-Hour;SVR;6;6331652,05;2516,28;703,76;32,62;1,4;{'C': 12550, 'epsilon': 0,001, 'gamma': 1e-08, 'kernel': 'rbf'};999,0;999,0;32,62;999,0;999,0;999,0;999,0
4;1-Hour;ARIMA1;1;7605,59;87,21;65,66;11,88;33,3;ARIMA(0,1,1)(0,0,0);999,0;999,0;999,0;999,0;11,88;999,0;999,0
4;1-Hour;ARIMA1;2;36696,58;191,56;153,78;34,19;145,9;ARIMA(5,1,1)(0,0,0);999,0;999,0;999,0;999,0;34,19;999,0;999,0
4;1-Hour;ARIMA1;3;19838,79;140,85;110,6;19,66;70,0;ARIMA(1,1,0)(0,0,0);999,0;999,0;999,0;999,0;19,66;999,0;999,0
4;1-Hour;ARIMA1;4;27853,94;166,89;131,55;24,28;18,6;ARIMA(0,1,0)(0,0,0);999,0;999,0;999,0;999,0;24,28;999,0;999,0
4;1-Hour;ARIMA1;5;30393,61;174,34;137,26;25,86;20,2;ARIMA(0,1,0)(0,0,0);999,0;999,0;999,0;999,0;25,86;999,0;999,0
4;1-Hour;ARIMA1;6;32743,5;180,95;142,24;27,47;25,3;ARIMA(0,1,0)(0,0,0);999,0;999,0;999,0;999,0;27,47;999,0;999,0
4;1-Hour;ARIMA2;1;7611,49;87,24;65,35;11,85;30,6;ARIMA(0,1,1)(0,0,0);999,0;999,0;999,0;999,0;999,0;11,85;999,0
4;1-Hour;ARIMA2;2;146358,99;382,57;318,0;32,32;88,6;ARIMA(5,1,0)(0,0,0);999,0;999,0;999,0;999,0;999,0;32,32;999,0
4;1-Hour;ARIMA2;3;15318,44;123,77;96,72;17,06;65,7;ARIMA(0,1,1)(0,0,0);999,0;999,0;999,0;999,0;999,0;17,06;999,0
4;1-Hour;ARIMA2;4;26390,44;162,45;127,81;24,46;26,4;ARIMA(0,1,0)(0,0,0);999,0;999,0;999,0;999,0;999,0;24,46;999,0
4;1-Hour;ARIMA2;5;29172,67;170,8;133,71;33,36;30,5;ARIMA(0,1,0)(0,0,0);999,0;999,0;999,0;999,0;999,0;33,36;999,0
4;1-Hour;ARIMA2;6;32580,72;180,5;140,0;30,71;43,6;ARIMA(0,1,0)(0,0,0);999,0;999,0;999,0;999,0;999,0;30,71;999,0
4;1-Hour;LSTM;1;2953,46;54,35;33,16;6,19;173,4; LSTM(100,90,96);999,0;999,0;999,0;6,19;999,0;999,0;999,0
4;1-Hour;LSTM;2;2483,51;49,83;23,67;5,34;171,5; LSTM(100,90,96);999,0;999,0;999,0;5,34;999,0;999,0;999,0
4;1-Hour;LSTM;3;2372,37;48,71;18,74;4,93;160,8; LSTM(100,90,96);999,0;999,0;999,0;4,93;999,0;999,0;999,0
4;1-Hour;LSTM;4;2186,08;46,76;20,68;4,93;162,1; LSTM(100,90,96);999,0;999,0;999,0;4,93;999,0;999,0;999,0
4;1-Hour;LSTM;5;2259,68;47,54;23,72;5,37;154,9; LSTM(100,90,96);999,0;999,0;999,0;5,37;999,0;999,0;999,0
4;1-Hour;LSTM;6;2333,71;48,31;18,09;4,95;144,4; LSTM(100,90,96);999,0;999,0;999,0;4,95;999,0;999,0;999,0
4;1-Hour;MLP;1;6493,1;80,58;23,81;9,04;211,3;{'activation': 'identity', 'alpha': 0,001, 'hidden_layer_sizes': (6, 12, 1), 'max_iter': 500, 'solver': 'adam'};999,0;999,0;999,0;999,0;999,0;999,0;9,04
4;1-Hour;MLP;2;6306,45;79,41;28,65;9,39;228,5;{'activation': 'identity', 'alpha': 0,01, 'hidden_layer_sizes': (6, 12, 1), 'max_iter': 500, 'solver': 'adam'};999,0;999,0;999,0;999,0;999,0;999,0;9,39
4;1-Hour;MLP;3;5882,43;76,7;24,49;9,02;209,0;{'activation': 'identity', 'alpha': 0,0001, 'hidden_layer_sizes': (6, 18, 1), 'max_iter': 500, 'solver': 'adam'};999,0;999,0;999,0;999,0;999,0;999,0;9,02
4;1-Hour;MLP;4;5697,49;75,48;26,7;9,2;224,3;{'activation': 'relu', 'alpha': 0,0001, 'hidden_layer_sizes': (6, 12, 1), 'max_iter': 500, 'solver': 'adam'};999,0;999,0;999,0;999,0;999,0;999,0;9,2
4;1-Hour;MLP;5;5906,35;76,85;26,72;9,17;267,2;{'activation': 'identity', 'alpha': 0,01, 'hidden_layer_sizes': (4, 6, 1), 'max_iter': 500, 'solver': 'adam'};999,0;999,0;999,0;999,0;999,0;999,0;9,17
4;1-Hour;MLP;6;5878,19;76,67;26,6;9,17;310,0;{'activation': 'identity', 'alpha': 0,0001, 'hidden_layer_sizes': (6, 18, 1), 'max_iter': 500, 'solver': 'adam'};999,0;999,0;999,0;999,0;999,0;999,0;9,17
4;1-Hour;SVR-LSTM;1;10127,81;100,64;75,68;14,4;167,5;SVR-LSTM{'C': 125550, 'epsilon': 0.1, 'gamma': 1e-07, 'kernel': 'rbf'}-LSTM(100,96,90);14,4;999,0;999,0;999,0;999,0;999,0;999,0
4;1-Hour;SVR-LSTM;2;6342,35;79,64;36,86;10,13;166,9;SVR-LSTM{'C': 125550, 'epsilon': 0.0001, 'gamma': 1e-08, 'kernel': 'rbf'}-LSTM(100,96,90);10,13;999,0;999,0;999,0;999,0;999,0;999,0
4;1-Hour;SVR-LSTM;3;6202,33;78,75;35,97;10,7;162,4;SVR-LSTM{'C': 125550, 'epsilon': 0.1, 'gamma': 1e-08, 'kernel': 'rbf'}-LSTM(100,96,90);10,7;999,0;999,0;999,0;999,0;999,0;999,0
4;1-Hour;SVR-LSTM;4;6913,85;83,15;48,12;11,25;163,2;SVR-LSTM{'C': 12550, 'epsilon': 0.1, 'gamma': 1e-08, 'kernel': 'rbf'}-LSTM(100,96,90);11,25;999,0;999,0;999,0;999,0;999,0;999,0
4;1-Hour;SVR-LSTM;5;6167,43;78,53;38,4;10,8;167,3;SVR-LSTM{'C': 12550, 'epsilon': 0.01, 'gamma': 1e-08, 'kernel': 'rbf'}-LSTM(100,96,90);10,8;999,0;999,0;999,0;999,0;999,0;999,0
4;1-Hour;SVR-LSTM;6;6336,11;79,6;40,96;11,04;163,8;SVR-LSTM{'C': 12550, 'epsilon': 0.01, 'gamma': 1e-08, 'kernel': 'rbf'}-LSTM(100,96,90);11,04;999,0;999,0;999,0;999,0;999,0;999,0
4;1-Hour;SVR-LSTM;1;20474,79;143,09;127,78;21,97;200,7;SVR-LSTM{'C': 125550, 'epsilon': 0.1, 'gamma': 1e-07, 'kernel': 'rbf'}-LSTM(100,96,90);21,97;999,0;999,0;999,0;999,0;999,0;999,0
4;1-Hour;SVR-LSTM;2;6634,69;81,45;40,98;10,49;194,4;SVR-LSTM{'C': 125550, 'epsilon': 0.0001, 'gamma': 1e-08, 'kernel': 'rbf'}-LSTM(100,96,90);10,49;999,0;999,0;999,0;999,0;999,0;999,0
4;1-Hour;SVR-LSTM;3;6925,06;83,22;48,79;11,39;193,6;SVR-LSTM{'C': 125550, 'epsilon': 0.1, 'gamma': 1e-08, 'kernel': 'rbf'}-LSTM(100,96,90);11,39;999,0;999,0;999,0;999,0;999,0;999,0
4;1-Hour;SVR-LSTM;4;5921,89;76,95;35,75;10,28;183,5;SVR-LSTM{'C': 12550, 'epsilon': 0.1, 'gamma': 1e-08, 'kernel': 'rbf'}-LSTM(100,96,90);10,28;999,0;999,0;999,0;999,0;999,0;999,0
4;1-Hour;SVR-LSTM;5;6622,69;81,38;37,82;11,4;178,4;SVR-LSTM{'C': 12550, 'epsilon': 0.01, 'gamma': 1e-08, 'kernel': 'rbf'}-LSTM(100,96,90);11,4;999,0;999,0;999,0;999,0;999,0;999,0
4;1-Hour;SVR-LSTM;6;37744,93;194,28;186,24;29,98;182,1;SVR-LSTM{'C': 12550, 'epsilon': 0.01, 'gamma': 1e-08, 'kernel': 'rbf'}-LSTM(100,96,90);29,98;999,0;999,0;999,0;999,0;999,0;999,0
4;1-Hour;SVR-MLP;1;15736,48;125,45;108,02;18,95;202,4;{'C': 125550, 'epsilon': 0,1, 'gamma': 1e-07, 'kernel': 'rbf'};999,0;18,95;999,0;999,0;999,0;999,0;999,0
4;1-Hour;SVR-MLP;2;10582,38;102,87;77,24;14,85;242,3;{'C': 125550, 'epsilon': 0,0001, 'gamma': 1e-08, 'kernel': 'rbf'};999,0;14,85;999,0;999,0;999,0;999,0;999,0
4;1-Hour;SVR-MLP;3;9966,06;99,83;76,94;14,32;292,1;{'C': 125550, 'epsilon': 0,1, 'gamma': 1e-08, 'kernel': 'rbf'};999,0;14,32;999,0;999,0;999,0;999,0;999,0
4;1-Hour;SVR-MLP;4;7701,85;87,76;56,28;11,96;298,6;{'C': 12550, 'epsilon': 0,1, 'gamma': 1e-08, 'kernel': 'rbf'};999,0;11,96;999,0;999,0;999,0;999,0;999,0
4;1-Hour;SVR-MLP;5;15508,24;124,53;108,31;18,59;304,5;{'C': 12550, 'epsilon': 0,01, 'gamma': 1e-08, 'kernel': 'rbf'};999,0;18,59;999,0;999,0;999,0;999,0;999,0
4;1-Hour;SVR-MLP;6;13053,72;114,25;95,59;16,7;319,5;{'C': 12550, 'epsilon': 0,01, 'gamma': 1e-08, 'kernel': 'rbf'};999,0;16,7;999,0;999,0;999,0;999,0;999,0
4;1-Hour;SVR;1;11226290,07;3350,57;3171,54;31,03;2,1;{'C': 12550, 'epsilon': 0,1, 'gamma': 1e-08, 'kernel': 'rbf'};999,0;999,0;31,03;999,0;999,0;999,0;999,0
4;1-Hour;SVR;2;4994573,88;2234,85;1655,77;17,88;2,0;{'C': 125550, 'epsilon': 0,001, 'gamma': 1e-07, 'kernel': 'rbf'};999,0;999,0;17,88;999,0;999,0;999,0;999,0
4;1-Hour;SVR;3;4958674,61;2226,81;1262,86;18,61;2,0;{'C': 125550, 'epsilon': 0,0001, 'gamma': 1e-07, 'kernel': 'rbf'};999,0;999,0;18,61;999,0;999,0;999,0;999,0
4;1-Hour;SVR;4;5380348,41;2319,56;1472,11;21,47;3,2;{'C': 125550, 'epsilon': 0,01, 'gamma': 1e-07, 'kernel': 'rbf'};999,0;999,0;21,47;999,0;999,0;999,0;999,0
4;1-Hour;SVR;5;3569794,87;1889,39;685,82;17,82;2,0;{'C': 125550, 'epsilon': 0,01, 'gamma': 1e-07, 'kernel': 'rbf'};999,0;999,0;17,82;999,0;999,0;999,0;999,0
4;1-Hour;SVR;6;2973240,35;1724,31;414,05;15,7;2,2;{'C': 12550, 'epsilon': 0,001, 'gamma': 1e-08, 'kernel': 'rbf'};999,0;999,0;15,7;999,0;999,0;999,0;999,0
5;1-Hour;ARIMA1;1;31119,4;176,41;140,52;19,25;48,2;ARIMA(0,1,2)(0,0,0);999,0;999,0;999,0;999,0;19,25;999,0;999,0
5;1-Hour;ARIMA1;2;49339,2;222,12;176,61;26,43;85,6;ARIMA(3,1,0)(0,0,0);999,0;999,0;999,0;999,0;26,43;999,0;999,0
5;1-Hour;ARIMA1;3;147092,21;383,53;312,02;24,94;37,5;ARIMA(1,1,0)(0,0,0);999,0;999,0;999,0;999,0;24,94;999,0;999,0
5;1-Hour;ARIMA1;4;249561,74;499,56;424,75;454,8;151,5;ARIMA(3,1,0)(0,0,0);999,0;999,0;999,0;999,0;454,8;999,0;999,0
5;1-Hour;ARIMA1;5;40998,5;202,48;163,3;23,6;238,7;ARIMA(2,1,0)(0,0,0);999,0;999,0;999,0;999,0;23,6;999,0;999,0
5;1-Hour;ARIMA1;6;39223,67;198,05;161,21;17,89;192,1;ARIMA(1,1,0)(0,0,0);999,0;999,0;999,0;999,0;17,89;999,0;999,0
5;1-Hour;ARIMA2;1;35311,06;187,91;148,58;20,87;38,5;ARIMA(0,1,2)(0,0,0);999,0;999,0;999,0;999,0;999,0;20,87;999,0
5;1-Hour;ARIMA2;2;64367,27;253,71;195,51;34,34;94,6;ARIMA(3,1,0)(0,0,0);999,0;999,0;999,0;999,0;999,0;34,34;999,0
5;1-Hour;ARIMA2;3;90542,66;300,9;226,63;46,27;71,1;ARIMA(5,1,0)(0,0,0);999,0;999,0;999,0;999,0;999,0;46,27;999,0
5;1-Hour;ARIMA2;4;69296,17;263,24;201,48;39,03;18,5;ARIMA(0,1,0)(0,0,0);999,0;999,0;999,0;999,0;999,0;39,03;999,0
5;1-Hour;ARIMA2;5;93542,76;305,85;230,6;47,58;22,5;ARIMA(0,1,0)(0,0,0);999,0;999,0;999,0;999,0;999,0;47,58;999,0
5;1-Hour;ARIMA2;6;130621,52;361,42;269,57;70,53;25,5;ARIMA(0,1,0)(0,0,0);999,0;999,0;999,0;999,0;999,0;70,53;999,0
5;1-Hour;LSTM;1;3923,18;62,64;29,61;4,85;118,3; LSTM(100,90,96);999,0;999,0;999,0;4,85;999,0;999,0;999,0
5;1-Hour;LSTM;2;4197,17;64,79;30,88;5,14;141,9; LSTM(100,90,96);999,0;999,0;999,0;5,14;999,0;999,0;999,0
5;1-Hour;LSTM;3;4300,42;65,58;32,24;5,3;151,2; LSTM(100,90,96);999,0;999,0;999,0;5,3;999,0;999,0;999,0
5;1-Hour;LSTM;4;4274,15;65,38;30,64;5,12;166,6; LSTM(100,90,96);999,0;999,0;999,0;5,12;999,0;999,0;999,0
5;1-Hour;LSTM;5;4065,74;63,76;29,23;5,0;179,8; LSTM(100,90,96);999,0;999,0;999,0;5,0;999,0;999,0;999,0
5;1-Hour;LSTM;6;4391,6;66,27;32,17;5,3;195,5; LSTM(100,90,96);999,0;999,0;999,0;5,3;999,0;999,0;999,0
5;1-Hour;MLP;1;5929,06;77,0;48,59;6,9;213,9;{'activation': 'identity', 'alpha': 0,01, 'hidden_layer_sizes': (2, 6, 1), 'max_iter': 500, 'solver': 'adam'};999,0;999,0;999,0;999,0;999,0;999,0;6,9
5;1-Hour;MLP;2;5366,87;73,26;40,86;6,35;249,2;{'activation': 'identity', 'alpha': 0,0001, 'hidden_layer_sizes': (4, 6, 1), 'max_iter': 500, 'solver': 'adam'};999,0;999,0;999,0;999,0;999,0;999,0;6,35
5;1-Hour;MLP;3;5177,37;71,95;37,19;6,03;198,7;{'activation': 'relu', 'alpha': 0,0001, 'hidden_layer_sizes': (6, 12, 1), 'max_iter': 500, 'solver': 'adam'};999,0;999,0;999,0;999,0;999,0;999,0;6,03
5;1-Hour;MLP;4;5543,0;74,45;39,76;6,36;215,4;{'activation': 'relu', 'alpha': 0,01, 'hidden_layer_sizes': (6, 12, 1), 'max_iter': 500, 'solver': 'adam'};999,0;999,0;999,0;999,0;999,0;999,0;6,36
5;1-Hour;MLP;5;5642,57;75,12;41,85;6,56;227,3;{'activation': 'identity', 'alpha': 0,0001, 'hidden_layer_sizes': (6, 18, 1), 'max_iter': 500, 'solver': 'adam'};999,0;999,0;999,0;999,0;999,0;999,0;6,56
5;1-Hour;MLP;6;5745,41;75,8;39,71;6,3;284,6;{'activation': 'identity', 'alpha': 0,01, 'hidden_layer_sizes': (2, 6, 1), 'max_iter': 500, 'solver': 'adam'};999,0;999,0;999,0;999,0;999,0;999,0;6,3
5;1-Hour;SVR-LSTM;1;10437,17;102,16;63,42;8,98;158,8;SVR-LSTM{'C': 12550, 'epsilon': 0.1, 'gamma': 1e-08, 'kernel': 'rbf'}-LSTM(100,96,90);8,98;999,0;999,0;999,0;999,0;999,0;999,0
5;1-Hour;SVR-LSTM;2;10491,29;102,43;62,16;8,85;192,3;SVR-LSTM{'C': 12550, 'epsilon': 0.1, 'gamma': 1e-08, 'kernel': 'rbf'}-LSTM(100,96,90);8,85;999,0;999,0;999,0;999,0;999,0;999,0
5;1-Hour;SVR-LSTM;3;12088,23;109,95;75,58;9,61;209,5;SVR-LSTM{'C': 12550, 'epsilon': 0.1, 'gamma': 1e-08, 'kernel': 'rbf'}-LSTM(100,96,90);9,61;999,0;999,0;999,0;999,0;999,0;999,0
5;1-Hour;SVR-LSTM;4;12501,2;111,81;72,09;9,84;199,7;SVR-LSTM{'C': 125550, 'epsilon': 0.0001, 'gamma': 1e-08, 'kernel': 'rbf'}-LSTM(100,96,90);9,84;999,0;999,0;999,0;999,0;999,0;999,0
5;1-Hour;SVR-LSTM;5;6977,82;83,53;47,35;7,17;156,3;SVR-LSTM{'C': 12550, 'epsilon': 0.01, 'gamma': 1e-08, 'kernel': 'rbf'}-LSTM(100,96,90);7,17;999,0;999,0;999,0;999,0;999,0;999,0
5;1-Hour;SVR-LSTM;6;7554,42;86,92;55,84;7,72;148,2;SVR-LSTM{'C': 12550, 'epsilon': 0.01, 'gamma': 1e-08, 'kernel': 'rbf'}-LSTM(100,96,90);7,72;999,0;999,0;999,0;999,0;999,0;999,0
5;1-Hour;SVR-LSTM;1;10437,6;102,16;63,41;8,98;154,1;SVR-LSTM{'C': 12550, 'epsilon': 0.1, 'gamma': 1e-08, 'kernel': 'rbf'}-LSTM(100,96,90);8,98;999,0;999,0;999,0;999,0;999,0;999,0
5;1-Hour;SVR-LSTM;2;10488,24;102,41;62,16;8,85;150,9;SVR-LSTM{'C': 12550, 'epsilon': 0.1, 'gamma': 1e-08, 'kernel': 'rbf'}-LSTM(100,96,90);8,85;999,0;999,0;999,0;999,0;999,0;999,0
5;1-Hour;SVR-LSTM;3;12110,68;110,05;75,72;9,63;167,6;SVR-LSTM{'C': 12550, 'epsilon': 0.1, 'gamma': 1e-08, 'kernel': 'rbf'}-LSTM(100,96,90);9,63;999,0;999,0;999,0;999,0;999,0;999,0
5;1-Hour;SVR-LSTM;4;12091,54;109,96;70,56;9,7;176,0;SVR-LSTM{'C': 125550, 'epsilon': 0.0001, 'gamma': 1e-08, 'kernel': 'rbf'}-LSTM(100,96,90);9,7;999,0;999,0;999,0;999,0;999,0;999,0
5;1-Hour;SVR-LSTM;5;7131,18;84,45;47,57;7,21;212,0;SVR-LSTM{'C': 12550, 'epsilon': 0.01, 'gamma': 1e-08, 'kernel': 'rbf'}-LSTM(100,96,90);7,21;999,0;999,0;999,0;999,0;999,0;999,0
5;1-Hour;SVR-LSTM;6;8697,82;93,26;55,51;8,06;207,2;SVR-LSTM{'C': 12550, 'epsilon': 0.01, 'gamma': 1e-08, 'kernel': 'rbf'}-LSTM(100,96,90);8,06;999,0;999,0;999,0;999,0;999,0;999,0
5;1-Hour;SVR-MLP;1;5757,08;75,88;44,49;6,56;204,3;{'C': 12550, 'epsilon': 0,1, 'gamma': 1e-08, 'kernel': 'rbf'};999,0;6,56;999,0;999,0;999,0;999,0;999,0
5;1-Hour;SVR-MLP;2;8098,3;89,99;60,66;8,18;242,7;{'C': 12550, 'epsilon': 0,1, 'gamma': 1e-08, 'kernel': 'rbf'};999,0;8,18;999,0;999,0;999,0;999,0;999,0
5;1-Hour;SVR-MLP;3;5713,57;75,59;37,72;6,15;241,4;{'C': 12550, 'epsilon': 0,1, 'gamma': 1e-08, 'kernel': 'rbf'};999,0;6,15;999,0;999,0;999,0;999,0;999,0
5;1-Hour;SVR-MLP;4;5918,83;76,93;36,93;6,18;245,8;{'C': 125550, 'epsilon': 0,0001, 'gamma': 1e-08, 'kernel': 'rbf'};999,0;6,18;999,0;999,0;999,0;999,0;999,0
5;1-Hour;SVR-MLP;5;6695,63;81,83;47,99;7,15;356,8;{'C': 12550, 'epsilon': 0,01, 'gamma': 1e-08, 'kernel': 'rbf'};999,0;7,15;999,0;999,0;999,0;999,0;999,0
5;1-Hour;SVR-MLP;6;5043,59;71,02;33,51;5,82;273,4;{'C': 12550, 'epsilon': 0,01, 'gamma': 1e-08, 'kernel': 'rbf'};999,0;5,82;999,0;999,0;999,0;999,0;999,0
5;1-Hour;SVR;1;135273614,97;11630,72;11642,32;57,54;2,5;{'C': 125550, 'epsilon': 0,0001, 'gamma': 1e-08, 'kernel': 'rbf'};999,0;999,0;57,54;999,0;999,0;999,0;999,0
5;1-Hour;SVR;2;4625923,61;2150,8;838,53;10,54;2,4;{'C': 125550, 'epsilon': 0,001, 'gamma': 1e-08, 'kernel': 'rbf'};999,0;999,0;10,54;999,0;999,0;999,0;999,0
5;1-Hour;SVR;3;3700418,11;1923,65;681,27;9,75;2,6;{'C': 12550, 'epsilon': 0,01, 'gamma': 1e-08, 'kernel': 'rbf'};999,0;999,0;9,75;999,0;999,0;999,0;999,0
5;1-Hour;SVR;4;6821564,32;2611,81;1837,5;14,26;2,6;{'C': 12550, 'epsilon': 0,001, 'gamma': 1e-08, 'kernel': 'rbf'};999,0;999,0;14,26;999,0;999,0;999,0;999,0
5;1-Hour;SVR;5;7053580,02;2655,86;1972,47;14,92;2,6;{'C': 12550, 'epsilon': 0,1, 'gamma': 1e-08, 'kernel': 'rbf'};999,0;999,0;14,92;999,0;999,0;999,0;999,0
5;1-Hour;SVR;6;4328787,06;2080,57;961,81;11,01;2,6;{'C': 12550, 'epsilon': 0,01, 'gamma': 1e-08, 'kernel': 'rbf'};999,0;999,0;11,01;999,0;999,0;999,0;999,0
6;1-Hour;ARIMA1;1;11244,25;106,04;100,31;38,02;69,1;ARIMA(0,1,1)(0,0,0);999,0;999,0;999,0;999,0;38,02;999,0;999,0
6;1-Hour;ARIMA1;2;15602,08;124,91;118,23;44,64;70,3;ARIMA(1,1,0)(0,0,0);999,0;999,0;999,0;999,0;44,64;999,0;999,0
6;1-Hour;ARIMA1;3;25419,18;159,43;136,53;99,12;56,3;ARIMA(1,1,0)(0,0,0);999,0;999,0;999,0;999,0;99,12;999,0;999,0
6;1-Hour;ARIMA1;4;27397,53;165,52;154,79;67,8;38,7;ARIMA(0,1,0)(0,0,0);999,0;999,0;999,0;999,0;67,8;999,0;999,0
6;1-Hour;ARIMA1;5;27158,7;164,8;154,2;66,7;28,9;ARIMA(0,1,0)(0,0,0);999,0;999,0;999,0;999,0;66,7;999,0;999,0
6;1-Hour;ARIMA1;6;27694,09;166,42;155,35;68,97;32,0;ARIMA(0,1,0)(0,0,0);999,0;999,0;999,0;999,0;68,97;999,0;999,0
6;1-Hour;ARIMA2;1;17365,14;131,78;124,35;52,47;93,6;ARIMA(0,1,4)(0,0,0);999,0;999,0;999,0;999,0;999,0;52,47;999,0
6;1-Hour;ARIMA2;2;21015,52;144,97;136,91;54,14;14,1;ARIMA(0,1,0)(0,0,0);999,0;999,0;999,0;999,0;999,0;54,14;999,0
6;1-Hour;ARIMA2;3;22192,42;148,97;140,47;56,44;20,0;ARIMA(0,1,0)(0,0,0);999,0;999,0;999,0;999,0;999,0;56,44;999,0
6;1-Hour;ARIMA2;4;31905,46;178,62;165,73;92,39;86,8;ARIMA(3,1,0)(0,0,0);999,0;999,0;999,0;999,0;999,0;92,39;999,0
6;1-Hour;ARIMA2;5;28502,6;168,83;157,53;75,69;74,4;ARIMA(1,1,0)(0,0,0);999,0;999,0;999,0;999,0;999,0;75,69;999,0
6;1-Hour;ARIMA2;6;28387,78;168,49;157,12;76,61;135,6;ARIMA(3,1,0)(0,0,0);999,0;999,0;999,0;999,0;999,0;76,61;999,0
6;1-Hour;LSTM;1;83386,33;288,77;300,04;100,0;243,1; LSTM(100,90,96);999,0;999,0;999,0;100,0;999,0;999,0;999,0
6;1-Hour;LSTM;2;81889,82;286,16;299,26;99,38;269,9; LSTM(100,90,96);999,0;999,0;999,0;99,38;999,0;999,0;999,0
6;1-Hour;LSTM;3;83176,02;288,4;299,63;99,9;296,2; LSTM(100,90,96);999,0;999,0;999,0;99,9;999,0;999,0;999,0
6;1-Hour;LSTM;4;82292,94;286,87;299,78;99,44;300,4; LSTM(100,90,96);999,0;999,0;999,0;99,44;999,0;999,0;999,0
6;1-Hour;LSTM;5;67764,17;260,32;198,88;89,2;313,5; LSTM(100,90,96);999,0;999,0;999,0;89,2;999,0;999,0;999,0
6;1-Hour;LSTM;6;60826,49;246,63;187,96;84,53;315,5; LSTM(100,90,96);999,0;999,0;999,0;84,53;999,0;999,0;999,0
6;1-Hour;MLP;1;40683,28;201,7;183,46;66,13;241,0;{'activation': 'relu', 'alpha': 0,0001, 'hidden_layer_sizes': (4, 6, 1), 'max_iter': 500, 'solver': 'adam'};999,0;999,0;999,0;999,0;999,0;999,0;66,13
6;1-Hour;MLP;2;40849,01;202,11;183,94;66,3;210,6;{'activation': 'relu', 'alpha': 0,001, 'hidden_layer_sizes': (2, 6, 1), 'max_iter': 500, 'solver': 'adam'};999,0;999,0;999,0;999,0;999,0;999,0;66,3
6;1-Hour;MLP;3;41301,09;203,23;185,22;66,79;256,1;{'activation': 'relu', 'alpha': 0,0001, 'hidden_layer_sizes': (6, 18, 1), 'max_iter': 500, 'solver': 'adam'};999,0;999,0;999,0;999,0;999,0;999,0;66,79
6;1-Hour;MLP;4;41354,93;203,36;185,34;66,85;264,6;{'activation': 'relu', 'alpha': 0,001, 'hidden_layer_sizes': (4, 6, 1), 'max_iter': 500, 'solver': 'adam'};999,0;999,0;999,0;999,0;999,0;999,0;66,85
6;1-Hour;MLP;5;4279,87;65,42;30,12;34,69;293,8;{'activation': 'relu', 'alpha': 0,0001, 'hidden_layer_sizes': (4, 6, 1), 'max_iter': 500, 'solver': 'adam'};999,0;999,0;999,0;999,0;999,0;999,0;34,69
6;1-Hour;MLP;6;4493,02;67,03;40,0;36,82;303,3;{'activation': 'relu', 'alpha': 0,001, 'hidden_layer_sizes': (6, 12, 1), 'max_iter': 500, 'solver': 'adam'};999,0;999,0;999,0;999,0;999,0;999,0;36,82
6;1-Hour;SVR-LSTM;1;8067,26;89,82;78,28;36,13;167,7;SVR-LSTM{'C': 12550, 'epsilon': 0.1, 'gamma': 1e-08, 'kernel': 'rbf'}-LSTM(100,96,90);36,13;999,0;999,0;999,0;999,0;999,0;999,0
6;1-Hour;SVR-LSTM;2;10185,79;100,92;82,51;34,48;166,8;SVR-LSTM{'C': 12550, 'epsilon': 0.1, 'gamma': 1e-08, 'kernel': 'rbf'}-LSTM(100,96,90);34,48;999,0;999,0;999,0;999,0;999,0;999,0
6;1-Hour;SVR-LSTM;3;6389,61;79,94;70,94;50,88;172,1;SVR-LSTM{'C': 12550, 'epsilon': 0.01, 'gamma': 1e-08, 'kernel': 'rbf'}-LSTM(100,96,90);50,88;999,0;999,0;999,0;999,0;999,0;999,0
6;1-Hour;SVR-LSTM;4;18699,18;136,74;115,32;51,24;172,7;SVR-LSTM{'C': 12550, 'epsilon': 0.01, 'gamma': 1e-08, 'kernel': 'rbf'}-LSTM(100,96,90);51,24;999,0;999,0;999,0;999,0;999,0;999,0
6;1-Hour;SVR-LSTM;5;5749,07;75,82;58,11;46,24;222,8;SVR-LSTM{'C': 12550, 'epsilon': 0.1, 'gamma': 1e-08, 'kernel': 'rbf'}-LSTM(100,96,90);46,24;999,0;999,0;999,0;999,0;999,0;999,0
6;1-Hour;SVR-LSTM;6;5321,61;72,95;44,88;39,94;269,2;SVR-LSTM{'C': 12550, 'epsilon': 0.1, 'gamma': 1e-08, 'kernel': 'rbf'}-LSTM(100,96,90);39,94;999,0;999,0;999,0;999,0;999,0;999,0
6;1-Hour;SVR-LSTM;1;8033,96;89,63;78,12;36,19;211,2;SVR-LSTM{'C': 12550, 'epsilon': 0.1, 'gamma': 1e-08, 'kernel': 'rbf'}-LSTM(100,96,90);36,19;999,0;999,0;999,0;999,0;999,0;999,0
6;1-Hour;SVR-LSTM;2;10132,68;100,66;82,27;34,41;224,8;SVR-LSTM{'C': 12550, 'epsilon': 0.1, 'gamma': 1e-08, 'kernel': 'rbf'}-LSTM(100,96,90);34,41;999,0;999,0;999,0;999,0;999,0;999,0
6;1-Hour;SVR-LSTM;3;5911,63;76,89;64,29;48,32;246,9;SVR-LSTM{'C': 12550, 'epsilon': 0.01, 'gamma': 1e-08, 'kernel': 'rbf'}-LSTM(100,96,90);48,32;999,0;999,0;999,0;999,0;999,0;999,0
6;1-Hour;SVR-LSTM;4;5256,58;72,5;47,68;41,99;240,9;SVR-LSTM{'C': 12550, 'epsilon': 0.01, 'gamma': 1e-08, 'kernel': 'rbf'}-LSTM(100,96,90);41,99;999,0;999,0;999,0;999,0;999,0;999,0
6;1-Hour;SVR-LSTM;5;8160,85;90,34;80,97;56,97;211,4;SVR-LSTM{'C': 12550, 'epsilon': 0.1, 'gamma': 1e-08, 'kernel': 'rbf'}-LSTM(100,96,90);56,97;999,0;999,0;999,0;999,0;999,0;999,0
6;1-Hour;SVR-LSTM;6;6037,78;77,7;60,78;47,26;190,6;SVR-LSTM{'C': 12550, 'epsilon': 0.1, 'gamma': 1e-08, 'kernel': 'rbf'}-LSTM(100,96,90);47,26;999,0;999,0;999,0;999,0;999,0;999,0
6;1-Hour;SVR-MLP;1;5867,85;76,6;67,27;46,29;254,0;{'C': 12550, 'epsilon': 0,1, 'gamma': 1e-08, 'kernel': 'rbf'};999,0;46,29;999,0;999,0;999,0;999,0;999,0
6;1-Hour;SVR-MLP;2;5534,03;74,39;60,07;44,15;258,3;{'C': 12550, 'epsilon': 0,1, 'gamma': 1e-08, 'kernel': 'rbf'};999,0;44,15;999,0;999,0;999,0;999,0;999,0
6;1-Hour;SVR-MLP;3;4258,18;65,25;31,11;35,51;261,0;{'C': 12550, 'epsilon': 0,01, 'gamma': 1e-08, 'kernel': 'rbf'};999,0;35,51;999,0;999,0;999,0;999,0;999,0
6;1-Hour;SVR-MLP;4;4417,04;66,46;28,15;34,32;317,4;{'C': 12550, 'epsilon': 0,01, 'gamma': 1e-08, 'kernel': 'rbf'};999,0;34,32;999,0;999,0;999,0;999,0;999,0
6;1-Hour;SVR-MLP;5;4175,91;64,62;28,34;34,36;307,8;{'C': 12550, 'epsilon': 0,1, 'gamma': 1e-08, 'kernel': 'rbf'};999,0;34,36;999,0;999,0;999,0;999,0;999,0
6;1-Hour;SVR-MLP;6;4356,98;66,01;30,92;34,96;332,1;{'C': 12550, 'epsilon': 0,1, 'gamma': 1e-08, 'kernel': 'rbf'};999,0;34,96;999,0;999,0;999,0;999,0;999,0
6;1-Hour;SVR;1;3600453,65;1897,49;1811,19;29,59;2,4;{'C': 12550, 'epsilon': 0,0001, 'gamma': 1e-08, 'kernel': 'rbf'};999,0;999,0;29,59;999,0;999,0;999,0;999,0
6;1-Hour;SVR;2;4953976,3;2225,75;2124,02;34,67;2,4;{'C': 12550, 'epsilon': 0,01, 'gamma': 1e-07, 'kernel': 'rbf'};999,0;999,0;34,67;999,0;999,0;999,0;999,0
6;1-Hour;SVR;3;2740139,26;1655,34;1439,19;24,57;2,3;{'C': 125550, 'epsilon': 0,0001, 'gamma': 1e-08, 'kernel': 'rbf'};999,0;999,0;24,57;999,0;999,0;999,0;999,0
6;1-Hour;SVR;4;654640,48;809,1;628,66;11,2;2,4;{'C': 12550, 'epsilon': 0,0001, 'gamma': 1e-08, 'kernel': 'rbf'};999,0;999,0;11,2;999,0;999,0;999,0;999,0
6;1-Hour;SVR;5;648684,87;805,41;640,43;11,31;2,5;{'C': 12550, 'epsilon': 0,001, 'gamma': 1e-08, 'kernel': 'rbf'};999,0;999,0;11,31;999,0;999,0;999,0;999,0
6;1-Hour;SVR;6;385887,84;621,2;403,67;8,0;2,5;{'C': 12550, 'epsilon': 0,01, 'gamma': 1e-08, 'kernel': 'rbf'};999,0;999,0;8,0;999,0;999,0;999,0;999,0
7;1-Hour;ARIMA1;1;2230,53;47,23;36,74;6,51;36,0;ARIMA(0,1,1)(0,0,0);999,0;999,0;999,0;999,0;6,51;999,0;999,0
7;1-Hour;ARIMA1;2;14193,81;119,14;105,32;21,17;126,1;ARIMA(4,1,0)(0,0,0);999,0;999,0;999,0;999,0;21,17;999,0;999,0
7;1-Hour;ARIMA1;3;17831,56;133,53;118,36;24,63;125,1;ARIMA(5,1,0)(0,0,0);999,0;999,0;999,0;999,0;24,63;999,0;999,0
7;1-Hour;ARIMA1;4;19225,14;138,65;123,56;26,12;40,3;ARIMA(0,1,0)(0,0,0);999,0;999,0;999,0;999,0;26,12;999,0;999,0
7;1-Hour;ARIMA1;5;7495,21;86,57;75,91;14,32;278,2;ARIMA(3,1,0)(0,0,0);999,0;999,0;999,0;999,0;14,32;999,0;999,0
7;1-Hour;ARIMA1;6;14030,65;118,45;105,3;21,19;139,4;ARIMA(1,1,0)(0,0,0);999,0;999,0;999,0;999,0;21,19;999,0;999,0
7;1-Hour;ARIMA2;1;2207,54;46,98;36,44;6,45;31,6;ARIMA(0,1,1)(0,0,0);999,0;999,0;999,0;999,0;999,0;6,45;999,0
7;1-Hour;ARIMA2;2;14391,35;119,96;105,97;21,34;160,8;ARIMA(4,1,0)(0,0,0);999,0;999,0;999,0;999,0;999,0;21,34;999,0
7;1-Hour;ARIMA2;3;6319,14;79,49;69,64;13,01;146,8;ARIMA(2,1,0)(0,0,0);999,0;999,0;999,0;999,0;999,0;13,01;999,0
7;1-Hour;ARIMA2;4;19610,89;140,04;124,68;26,46;37,9;ARIMA(0,1,0)(0,0,0);999,0;999,0;999,0;999,0;999,0;26,46;999,0
7;1-Hour;ARIMA2;5;12404,8;111,38;98,94;19,65;147,3;ARIMA(1,1,0)(0,0,0);999,0;999,0;999,0;999,0;999,0;19,65;999,0
7;1-Hour;ARIMA2;6;12884,65;113,51;100,79;20,08;136,9;ARIMA(1,1,0)(0,0,0);999,0;999,0;999,0;999,0;999,0;20,08;999,0
7;1-Hour;LSTM;1;1570,65;39,63;24,04;4,97;288,9; LSTM(100,90,96);999,0;999,0;999,0;4,97;999,0;999,0;999,0
7;1-Hour;LSTM;2;1202,51;34,68;15,56;3,95;314,2; LSTM(100,90,96);999,0;999,0;999,0;3,95;999,0;999,0;999,0
7;1-Hour;LSTM;3;1327,17;36,43;17,73;4,22;312,9; LSTM(100,90,96);999,0;999,0;999,0;4,22;999,0;999,0;999,0
7;1-Hour;LSTM;4;1302,22;36,09;17,1;4,16;350,5; LSTM(100,90,96);999,0;999,0;999,0;4,16;999,0;999,0;999,0
7;1-Hour;LSTM;5;1228,88;35,06;16,35;4,03;387,1; LSTM(100,90,96);999,0;999,0;999,0;4,03;999,0;999,0;999,0
7;1-Hour;LSTM;6;1193,79;34,55;15,62;3,97;403,2; LSTM(100,90,96);999,0;999,0;999,0;3,97;999,0;999,0;999,0
7;1-Hour;MLP;1;1757,24;41,92;20,96;5,04;217,0;{'activation': 'relu', 'alpha': 0,001, 'hidden_layer_sizes': (2, 6, 1), 'max_iter': 500, 'solver': 'adam'};999,0;999,0;999,0;999,0;999,0;999,0;5,04
7;1-Hour;MLP;2;1875,86;43,31;20,39;5,1;256,4;{'activation': 'identity', 'alpha': 0,0001, 'hidden_layer_sizes': (2, 6, 1), 'max_iter': 500, 'solver': 'adam'};999,0;999,0;999,0;999,0;999,0;999,0;5,1
7;1-Hour;MLP;3;1946,63;44,12;20,71;5,2;233,8;{'activation': 'relu', 'alpha': 0,001, 'hidden_layer_sizes': (6, 12, 1), 'max_iter': 500, 'solver': 'adam'};999,0;999,0;999,0;999,0;999,0;999,0;5,2
7;1-Hour;MLP;4;1964,32;44,32;20,36;5,26;265,8;{'activation': 'relu', 'alpha': 0,01, 'hidden_layer_sizes': (2, 6, 1), 'max_iter': 500, 'solver': 'adam'};999,0;999,0;999,0;999,0;999,0;999,0;5,26
7;1-Hour;MLP;5;1951,14;44,17;19,91;5,21;288,6;{'activation': 'identity', 'alpha': 0,01, 'hidden_layer_sizes': (6, 12, 1), 'max_iter': 500, 'solver': 'adam'};999,0;999,0;999,0;999,0;999,0;999,0;5,21
7;1-Hour;MLP;6;1963,76;44,31;19,71;5,26;276,4;{'activation': 'identity', 'alpha': 0,0001, 'hidden_layer_sizes': (6, 12, 1), 'max_iter': 500, 'solver': 'adam'};999,0;999,0;999,0;999,0;999,0;999,0;5,26
7;1-Hour;SVR-LSTM;1;6103,84;78,13;69,3;11,22;246,9;SVR-LSTM{'C': 1255555, 'epsilon': 0.001, 'gamma': 1e-08, 'kernel': 'rbf'}-LSTM(100,96,90);11,22;999,0;999,0;999,0;999,0;999,0;999,0
7;1-Hour;SVR-LSTM;2;2958,87;54,4;35,77;7,09;238,7;SVR-LSTM{'C': 1255555, 'epsilon': 0.1, 'gamma': 1e-08, 'kernel': 'rbf'}-LSTM(100,96,90);7,09;999,0;999,0;999,0;999,0;999,0;999,0
7;1-Hour;SVR-LSTM;3;3682,83;60,69;33,65;8,26;186,2;SVR-LSTM{'C': 1255555, 'epsilon': 0.001, 'gamma': 1e-08, 'kernel': 'rbf'}-LSTM(100,96,90);8,26;999,0;999,0;999,0;999,0;999,0;999,0
7;1-Hour;SVR-LSTM;4;2629,89;51,28;35,64;6,74;151,3;SVR-LSTM{'C': 12550, 'epsilon': 0.1, 'gamma': 1e-07, 'kernel': 'rbf'}-LSTM(100,96,90);6,74;999,0;999,0;999,0;999,0;999,0;999,0
7;1-Hour;SVR-LSTM;5;4218,49;64,95;42,91;8,62;144,3;SVR-LSTM{'C': 125550, 'epsilon': 0.001, 'gamma': 1e-08, 'kernel': 'rbf'}-LSTM(100,96,90);8,62;999,0;999,0;999,0;999,0;999,0;999,0
7;1-Hour;SVR-LSTM;6;3300,31;57,45;45,02;8,05;164,0;SVR-LSTM{'C': 12550, 'epsilon': 0.001, 'gamma': 1e-07, 'kernel': 'rbf'}-LSTM(100,96,90);8,05;999,0;999,0;999,0;999,0;999,0;999,0
7;1-Hour;SVR-LSTM;1;6132,23;78,31;69,51;11,25;206,9;SVR-LSTM{'C': 1255555, 'epsilon': 0.001, 'gamma': 1e-08, 'kernel': 'rbf'}-LSTM(100,96,90);11,25;999,0;999,0;999,0;999,0;999,0;999,0
7;1-Hour;SVR-LSTM;2;2665,23;51,63;31,68;6,55;201,2;SVR-LSTM{'C': 1255555, 'epsilon': 0.1, 'gamma': 1e-08, 'kernel': 'rbf'}-LSTM(100,96,90);6,55;999,0;999,0;999,0;999,0;999,0;999,0
7;1-Hour;SVR-LSTM;3;3690,58;60,75;36,13;8,37;195,0;SVR-LSTM{'C': 1255555, 'epsilon': 0.001, 'gamma': 1e-08, 'kernel': 'rbf'}-LSTM(100,96,90);8,37;999,0;999,0;999,0;999,0;999,0;999,0
7;1-Hour;SVR-LSTM;4;2443,78;49,43;33,21;6,44;201,8;SVR-LSTM{'C': 12550, 'epsilon': 0.1, 'gamma': 1e-07, 'kernel': 'rbf'}-LSTM(100,96,90);6,44;999,0;999,0;999,0;999,0;999,0;999,0
7;1-Hour;SVR-LSTM;5;4177,69;64,64;42,44;8,56;326,8;SVR-LSTM{'C': 125550, 'epsilon': 0.001, 'gamma': 1e-08, 'kernel': 'rbf'}-LSTM(100,96,90);8,56;999,0;999,0;999,0;999,0;999,0;999,0
7;1-Hour;SVR-LSTM;6;2159,31;46,47;23,23;6,09;273,5;SVR-LSTM{'C': 12550, 'epsilon': 0.001, 'gamma': 1e-07, 'kernel': 'rbf'}-LSTM(100,96,90);6,09;999,0;999,0;999,0;999,0;999,0;999,0
7;1-Hour;SVR-MLP;1;2090,76;45,72;28,87;6,06;175,5;{'C': 1255555, 'epsilon': 0,001, 'gamma': 1e-08, 'kernel': 'rbf'};999,0;6,06;999,0;999,0;999,0;999,0;999,0
7;1-Hour;SVR-MLP;2;1832,26;42,8;16,7;4,7;214,6;{'C': 1255555, 'epsilon': 0,1, 'gamma': 1e-08, 'kernel': 'rbf'};999,0;4,7;999,0;999,0;999,0;999,0;999,0
7;1-Hour;SVR-MLP;3;2333,95;48,31;23,76;5,88;225,2;{'C': 1255555, 'epsilon': 0,001, 'gamma': 1e-08, 'kernel': 'rbf'};999,0;5,88;999,0;999,0;999,0;999,0;999,0
7;1-Hour;SVR-MLP;4;1875,47;43,31;22,01;5,28;253,8;{'C': 12550, 'epsilon': 0,1, 'gamma': 1e-07, 'kernel': 'rbf'};999,0;5,28;999,0;999,0;999,0;999,0;999,0
7;1-Hour;SVR-MLP;5;2473,72;49,74;23,21;5,9;223,2;{'C': 125550, 'epsilon': 0,001, 'gamma': 1e-08, 'kernel': 'rbf'};999,0;5,9;999,0;999,0;999,0;999,0;999,0
7;1-Hour;SVR-MLP;6;2203,57;46,94;28,96;6,32;238,7;{'C': 12550, 'epsilon': 0,001, 'gamma': 1e-07, 'kernel': 'rbf'};999,0;6,32;999,0;999,0;999,0;999,0;999,0
7;1-Hour;SVR;1;40404930,13;6356,49;6497,56;47,53;2,5;{'C': 12550, 'epsilon': 0,01, 'gamma': 1e-08, 'kernel': 'rbf'};999,0;999,0;47,53;999,0;999,0;999,0;999,0
7;1-Hour;SVR;2;5080834,2;2254,07;1222,21;16,46;2,5;{'C': 12550, 'epsilon': 0,0001, 'gamma': 1e-07, 'kernel': 'rbf'};999,0;999,0;16,46;999,0;999,0;999,0;999,0
7;1-Hour;SVR;3;4484152,85;2117,58;1246,52;16,5;2,5;{'C': 12550, 'epsilon': 0,001, 'gamma': 1e-08, 'kernel': 'rbf'};999,0;999,0;16,5;999,0;999,0;999,0;999,0
7;1-Hour;SVR;4;5070197,51;2251,71;1079,89;16,86;2,6;{'C': 12550, 'epsilon': 0,001, 'gamma': 1e-08, 'kernel': 'rbf'};999,0;999,0;16,86;999,0;999,0;999,0;999,0
7;1-Hour;SVR;5;4789622,38;2188,52;1043,48;16,48;2,7;{'C': 12550, 'epsilon': 0,001, 'gamma': 1e-08, 'kernel': 'rbf'};999,0;999,0;16,48;999,0;999,0;999,0;999,0
7;1-Hour;SVR;6;4739077,46;2176,94;1352,76;16,98;2,7;{'C': 12550, 'epsilon': 0,001, 'gamma': 1e-08, 'kernel': 'rbf'};999,0;999,0;16,98;999,0;999,0;999,0;999,0
8;1-Hour;ARIMA1;1;276,59;16,63;13,68;7,02;28,7;ARIMA(2,1,0)(0,0,0);999,0;999,0;999,0;999,0;7,02;999,0;999,0
8;1-Hour;ARIMA1;2;303,08;17,41;14,37;7,34;17,6;ARIMA(0,1,0)(0,0,0);999,0;999,0;999,0;999,0;7,34;999,0;999,0
8;1-Hour;ARIMA1;3;305,14;17,47;14,42;7,36;13,9;ARIMA(0,1,0)(0,0,0);999,0;999,0;999,0;999,0;7,36;999,0;999,0
8;1-Hour;ARIMA1;4;316,9;17,8;14,72;7,51;15,2;ARIMA(0,1,0)(0,0,0);999,0;999,0;999,0;999,0;7,51;999,0;999,0
8;1-Hour;ARIMA1;5;330,18;18,17;15,06;7,67;17,3;ARIMA(0,1,0)(0,0,0);999,0;999,0;999,0;999,0;7,67;999,0;999,0
8;1-Hour;ARIMA1;6;337,8;18,38;15,25;7,76;21,2;ARIMA(0,1,0)(0,0,0);999,0;999,0;999,0;999,0;7,76;999,0;999,0
8;1-Hour;ARIMA2;1;86,68;9,31;7,35;3,91;123,5;ARIMA(1,1,5)(0,0,0);999,0;999,0;999,0;999,0;999,0;3,91;999,0
8;1-Hour;ARIMA2;2;97,62;9,88;7,91;4,19;156,8;ARIMA(1,1,4)(0,0,0);999,0;999,0;999,0;999,0;999,0;4,19;999,0
8;1-Hour;ARIMA2;3;292,54;17,1;14,14;7,23;23,4;ARIMA(0,1,0)(0,0,0);999,0;999,0;999,0;999,0;999,0;7,23;999,0
8;1-Hour;ARIMA2;4;88,02;9,38;7,53;4,0;118,9;ARIMA(2,1,1)(0,0,0);999,0;999,0;999,0;999,0;999,0;4,0;999,0
8;1-Hour;ARIMA2;5;310,21;17,61;14,61;7,45;32,6;ARIMA(0,1,0)(0,0,0);999,0;999,0;999,0;999,0;999,0;7,45;999,0
8;1-Hour;ARIMA2;6;64,38;8,02;6,24;3,34;138,3;ARIMA(0,1,2)(0,0,0);999,0;999,0;999,0;999,0;999,0;3,34;999,0
8;1-Hour;LSTM;1;92,43;9,61;8,32;4,4;119,3; LSTM(100,90,96);999,0;999,0;999,0;4,4;999,0;999,0;999,0
8;1-Hour;LSTM;2;26,94;5,19;2,21;1,61;118,7; LSTM(100,90,96);999,0;999,0;999,0;1,61;999,0;999,0;999,0
8;1-Hour;LSTM;3;67,59;8,22;5,48;3,45;142,1; LSTM(100,90,96);999,0;999,0;999,0;3,45;999,0;999,0;999,0
8;1-Hour;LSTM;4;91,88;9,59;8,28;4,54;130,5; LSTM(100,90,96);999,0;999,0;999,0;4,54;999,0;999,0;999,0
8;1-Hour;LSTM;5;21,1;4,59;1,43;1,2;120,1; LSTM(100,90,96);999,0;999,0;999,0;1,2;999,0;999,0;999,0
8;1-Hour;LSTM;6;52,47;7,24;4,91;2,95;120,6; LSTM(100,90,96);999,0;999,0;999,0;2,95;999,0;999,0;999,0
8;1-Hour;MLP;1;26,65;5,16;1,75;1,41;191,5;{'activation': 'relu', 'alpha': 0,0001, 'hidden_layer_sizes': (2, 6, 1), 'max_iter': 500, 'solver': 'adam'};999,0;999,0;999,0;999,0;999,0;999,0;1,41
8;1-Hour;MLP;2;27,37;5,23;1,81;1,45;202,2;{'activation': 'relu', 'alpha': 0,0001, 'hidden_layer_sizes': (6, 12, 1), 'max_iter': 500, 'solver': 'adam'};999,0;999,0;999,0;999,0;999,0;999,0;1,45
8;1-Hour;MLP;3;26,12;5,11;1,64;1,35;208,0;{'activation': 'identity', 'alpha': 0,01, 'hidden_layer_sizes': (6, 18, 1), 'max_iter': 500, 'solver': 'adam'};999,0;999,0;999,0;999,0;999,0;999,0;1,35
8;1-Hour;MLP;4;26,53;5,15;1,69;1,41;213,3;{'activation': 'relu', 'alpha': 0,0001, 'hidden_layer_sizes': (2, 6, 1), 'max_iter': 500, 'solver': 'adam'};999,0;999,0;999,0;999,0;999,0;999,0;1,41
8;1-Hour;MLP;5;40,99;6,4;3,65;2,35;231,7;{'activation': 'identity', 'alpha': 0,01, 'hidden_layer_sizes': (4, 6, 1), 'max_iter': 500, 'solver': 'adam'};999,0;999,0;999,0;999,0;999,0;999,0;2,35
8;1-Hour;MLP;6;26,44;5,14;1,72;1,4;248,1;{'activation': 'identity', 'alpha': 0,01, 'hidden_layer_sizes': (6, 18, 1), 'max_iter': 500, 'solver': 'adam'};999,0;999,0;999,0;999,0;999,0;999,0;1,4
8;1-Hour;SVR-LSTM;1;44,13;6,64;3,15;2,27;191,2;SVR-LSTM{'C': 125550, 'epsilon': 0.01, 'gamma': 1e-07, 'kernel': 'rbf'}-LSTM(100,96,90);2,27;999,0;999,0;999,0;999,0;999,0;999,0
8;1-Hour;SVR-LSTM;2;206,69;14,38;12,96;7,11;186,0;SVR-LSTM{'C': 12550, 'epsilon': 0.01, 'gamma': 1e-07, 'kernel': 'rbf'}-LSTM(100,96,90);7,11;999,0;999,0;999,0;999,0;999,0;999,0
8;1-Hour;SVR-LSTM;3;2062,22;45,41;47,92;22,58;175,6;SVR-LSTM{'C': 1255555, 'epsilon': 0.1, 'gamma': 1e-08, 'kernel': 'rbf'}-LSTM(100,96,90);22,58;999,0;999,0;999,0;999,0;999,0;999,0
8;1-Hour;SVR-LSTM;4;92,67;9,63;7,59;4,47;186,3;SVR-LSTM{'C': 12550, 'epsilon': 0.01, 'gamma': 1e-07, 'kernel': 'rbf'}-LSTM(100,96,90);4,47;999,0;999,0;999,0;999,0;999,0;999,0
8;1-Hour;SVR-LSTM;5;41,71;6,46;3,8;2,5;207,5;SVR-LSTM{'C': 125550, 'epsilon': 0.001, 'gamma': 1e-08, 'kernel': 'rbf'}-LSTM(100,96,90);2,5;999,0;999,0;999,0;999,0;999,0;999,0
8;1-Hour;SVR-LSTM;6;478,67;21,88;20,7;11,02;200,8;SVR-LSTM{'C': 12550, 'epsilon': 0.001, 'gamma': 1e-07, 'kernel': 'rbf'}-LSTM(100,96,90);11,02;999,0;999,0;999,0;999,0;999,0;999,0
8;1-Hour;SVR-LSTM;1;44,01;6,63;3,14;2,27;219,7;SVR-LSTM{'C': 125550, 'epsilon': 0.01, 'gamma': 1e-07, 'kernel': 'rbf'}-LSTM(100,96,90);2,27;999,0;999,0;999,0;999,0;999,0;999,0
8;1-Hour;SVR-LSTM;2;197,32;14,05;12,57;6,92;193,8;SVR-LSTM{'C': 12550, 'epsilon': 0.01, 'gamma': 1e-07, 'kernel': 'rbf'}-LSTM(100,96,90);6,92;999,0;999,0;999,0;999,0;999,0;999,0
8;1-Hour;SVR-LSTM;3;1816,46;42,62;44,56;21,02;155,3;SVR-LSTM{'C': 1255555, 'epsilon': 0.1, 'gamma': 1e-08, 'kernel': 'rbf'}-LSTM(100,96,90);21,02;999,0;999,0;999,0;999,0;999,0;999,0
8;1-Hour;SVR-MLP;1;38,63;6,22;2,59;1,95;182,6;{'C': 125550, 'epsilon': 0,01, 'gamma': 1e-07, 'kernel': 'rbf'};999,0;1,95;999,0;999,0;999,0;999,0;999,0
8;1-Hour;SVR-MLP;2;29,31;5,41;2,07;1,63;201,3;{'C': 12550, 'epsilon': 0,01, 'gamma': 1e-07, 'kernel': 'rbf'};999,0;1,63;999,0;999,0;999,0;999,0;999,0
8;1-Hour;SVR-MLP;3;41,97;6,48;2,42;1,98;240,5;{'C': 1255555, 'epsilon': 0,1, 'gamma': 1e-08, 'kernel': 'rbf'};999,0;1,98;999,0;999,0;999,0;999,0;999,0
8;1-Hour;SVR-MLP;4;28,07;5,3;1,85;1,5;325,0;{'C': 12550, 'epsilon': 0,01, 'gamma': 1e-07, 'kernel': 'rbf'};999,0;1,5;999,0;999,0;999,0;999,0;999,0
8;1-Hour;SVR-MLP;5;26,38;5,14;1,57;1,33;463,8;{'C': 125550, 'epsilon': 0,001, 'gamma': 1e-08, 'kernel': 'rbf'};999,0;1,33;999,0;999,0;999,0;999,0;999,0
8;1-Hour;SVR-MLP;6;32,08;5,66;2,16;1,69;378,2;{'C': 12550, 'epsilon': 0,001, 'gamma': 1e-07, 'kernel': 'rbf'};999,0;1,69;999,0;999,0;999,0;999,0;999,0
8;1-Hour;SVR;1;270035,44;519,65;395,35;10,73;2,0;{'C': 12550, 'epsilon': 0,01, 'gamma': 1e-07, 'kernel': 'rbf'};999,0;999,0;10,73;999,0;999,0;999,0;999,0
8;1-Hour;SVR;2;217818,57;466,71;429,83;9,83;2,0;{'C': 125550, 'epsilon': 0,01, 'gamma': 1e-08, 'kernel': 'rbf'};999,0;999,0;9,83;999,0;999,0;999,0;999,0
8;1-Hour;SVR;3;63944,24;252,87;94,07;3,72;1,9;{'C': 12550, 'epsilon': 0,01, 'gamma': 1e-08, 'kernel': 'rbf'};999,0;999,0;3,72;999,0;999,0;999,0;999,0
8;1-Hour;SVR;4;70901,5;266,27;139,04;4,4;2,0;{'C': 12550, 'epsilon': 0,001, 'gamma': 1e-08, 'kernel': 'rbf'};999,0;999,0;4,4;999,0;999,0;999,0;999,0
8;1-Hour;SVR;5;68233,15;261,21;54,93;3,28;2,0;{'C': 12550, 'epsilon': 0,01, 'gamma': 1e-08, 'kernel': 'rbf'};999,0;999,0;3,28;999,0;999,0;999,0;999,0
8;1-Hour;SVR;6;68312,93;261,37;130,24;4,19;2,1;{'C': 12550, 'epsilon': 0,01, 'gamma': 1e-08, 'kernel': 'rbf'};999,0;999,0;4,19;999,0;999,0;999,0;999,0
9;1-Hour;ARIMA1;1;3786,61;61,54;48,7;10,22;101,8;ARIMA(1,1,3)(0,0,0);999,0;999,0;999,0;999,0;10,22;999,0;999,0
9;1-Hour;ARIMA1;2;4259,44;65,26;56,43;12,95;69,4;ARIMA(3,1,1)(0,0,0);999,0;999,0;999,0;999,0;12,95;999,0;999,0
9;1-Hour;ARIMA1;3;2643,14;51,41;40,96;8,88;136,3;ARIMA(2,1,2)(0,0,0);999,0;999,0;999,0;999,0;8,88;999,0;999,0
9;1-Hour;ARIMA1;4;68,44;8,27;4,57;1,05;46,7;ARIMA(0,1,1)(0,0,0);999,0;999,0;999,0;999,0;1,05;999,0;999,0
9;1-Hour;ARIMA1;5;10284,64;101,41;88,46;16,54;16,7;ARIMA(0,1,0)(0,0,0);999,0;999,0;999,0;999,0;16,54;999,0;999,0
9;1-Hour;ARIMA1;6;10766,61;103,76;90,53;16,85;10,4;ARIMA(0,1,0)(0,0,0);999,0;999,0;999,0;999,0;16,85;999,0;999,0
9;1-Hour;ARIMA2;1;2336,4;48,34;38,82;8,52;168,4;ARIMA(1,1,4)(0,0,0);999,0;999,0;999,0;999,0;999,0;8,52;999,0
9;1-Hour;ARIMA2;2;3070,32;55,41;44,42;9,67;164,6;ARIMA(1,1,4)(0,0,0);999,0;999,0;999,0;999,0;999,0;9,67;999,0
9;1-Hour;ARIMA2;3;2500,42;50,0;40,1;8,77;93,8;ARIMA(2,1,2)(0,0,0);999,0;999,0;999,0;999,0;999,0;8,77;999,0
9;1-Hour;ARIMA2;4;8716,15;93,36;81,5;15,5;7,5;ARIMA(0,1,0)(0,0,0);999,0;999,0;999,0;999,0;999,0;15,5;999,0
9;1-Hour;ARIMA2;5;9276,03;96,31;84,08;15,89;10,0;ARIMA(0,1,0)(0,0,0);999,0;999,0;999,0;999,0;999,0;15,89;999,0
9;1-Hour;ARIMA2;6;11877,42;108,98;95,26;17,55;43,9;ARIMA(1,1,1)(0,0,0);999,0;999,0;999,0;999,0;999,0;17,55;999,0
9;1-Hour;LSTM;1;74,6;8,64;3,66;1,18;63,9; LSTM(100,90,96);999,0;999,0;999,0;1,18;999,0;999,0;999,0
9;1-Hour;LSTM;2;61,5;7,84;3,98;1,16;60,0; LSTM(100,90,96);999,0;999,0;999,0;1,16;999,0;999,0;999,0
9;1-Hour;LSTM;3;50,9;7,13;2,97;0,94;58,1; LSTM(100,90,96);999,0;999,0;999,0;0,94;999,0;999,0;999,0
9;1-Hour;LSTM;4;53,07;7,28;3,09;0,97;64,5; LSTM(100,90,96);999,0;999,0;999,0;0,97;999,0;999,0;999,0
9;1-Hour;LSTM;5;52,49;7,24;3,03;0,95;70,5; LSTM(100,90,96);999,0;999,0;999,0;0,95;999,0;999,0;999,0
9;1-Hour;LSTM;6;61,08;7,82;3,7;1,13;65,7; LSTM(100,90,96);999,0;999,0;999,0;1,13;999,0;999,0;999,0
9;1-Hour;MLP;1;75,22;8,67;3,08;1,04;128,7;{'activation': 'identity', 'alpha': 0,01, 'hidden_layer_sizes': (4, 6, 1), 'max_iter': 500, 'solver': 'adam'};999,0;999,0;999,0;999,0;999,0;999,0;1,04
9;1-Hour;MLP;2;65,62;8,1;3,0;0,99;137,9;{'activation': 'relu', 'alpha': 0,001, 'hidden_layer_sizes': (6, 12, 1), 'max_iter': 500, 'solver': 'adam'};999,0;999,0;999,0;999,0;999,0;999,0;0,99
9;1-Hour;MLP;3;64,39;8,02;2,84;0,95;130,1;{'activation': 'identity', 'alpha': 0,01, 'hidden_layer_sizes': (4, 6, 1), 'max_iter': 500, 'solver': 'adam'};999,0;999,0;999,0;999,0;999,0;999,0;0,95
9;1-Hour;MLP;4;67,44;8,21;3,06;1,01;155,4;{'activation': 'relu', 'alpha': 0,0001, 'hidden_layer_sizes': (6, 12, 1), 'max_iter': 500, 'solver': 'adam'};999,0;999,0;999,0;999,0;999,0;999,0;1,01
9;1-Hour;MLP;5;62,5;7,91;2,87;0,95;152,5;{'activation': 'relu', 'alpha': 0,0001, 'hidden_layer_sizes': (6, 12, 1), 'max_iter': 500, 'solver': 'adam'};999,0;999,0;999,0;999,0;999,0;999,0;0,95
9;1-Hour;MLP;6;64,38;8,02;2,86;0,95;155,6;{'activation': 'identity', 'alpha': 0,01, 'hidden_layer_sizes': (6, 12, 1), 'max_iter': 500, 'solver': 'adam'};999,0;999,0;999,0;999,0;999,0;999,0;0,95
9;1-Hour;SVR-LSTM;1;141,23;11,88;8,13;2,04;77,9;SVR-LSTM{'C': 125550, 'epsilon': 0.1, 'gamma': 1e-08, 'kernel': 'rbf'}-LSTM(100,96,90);2,04;999,0;999,0;999,0;999,0;999,0;999,0
9;1-Hour;SVR-LSTM;2;330,99;18,19;15,71;3,46;76,2;SVR-LSTM{'C': 125550, 'epsilon': 0.01, 'gamma': 1e-08, 'kernel': 'rbf'}-LSTM(100,96,90);3,46;999,0;999,0;999,0;999,0;999,0;999,0
9;1-Hour;SVR-LSTM;3;176,3;13,28;10,07;2,4;75,9;SVR-LSTM{'C': 1255555, 'epsilon': 0.01, 'gamma': 1e-08, 'kernel': 'rbf'}-LSTM(100,96,90);2,4;999,0;999,0;999,0;999,0;999,0;999,0
9;1-Hour;SVR-LSTM;4;240,19;15,5;8,09;2,36;74,1;SVR-LSTM{'C': 1255555, 'epsilon': 0.01, 'gamma': 1e-08, 'kernel': 'rbf'}-LSTM(100,96,90);2,36;999,0;999,0;999,0;999,0;999,0;999,0
9;1-Hour;SVR-LSTM;5;839,81;28,98;29,19;5,72;74,5;SVR-LSTM{'C': 12550, 'epsilon': 0.0001, 'gamma': 1e-07, 'kernel': 'rbf'}-LSTM(100,96,90);5,72;999,0;999,0;999,0;999,0;999,0;999,0
9;1-Hour;SVR-LSTM;6;278,88;16,7;14,73;3,31;77,3;SVR-LSTM{'C': 12550, 'epsilon': 0.1, 'gamma': 1e-08, 'kernel': 'rbf'}-LSTM(100,96,90);3,31;999,0;999,0;999,0;999,0;999,0;999,0
9;1-Hour;SVR-MLP;1;68,82;8,3;2,81;0,95;102,6;{'C': 125550, 'epsilon': 0,1, 'gamma': 1e-08, 'kernel': 'rbf'};999,0;0,95;999,0;999,0;999,0;999,0;999,0
9;1-Hour;SVR-MLP;2;120,5;10,98;5,53;1,74;115,5;{'C': 125550, 'epsilon': 0,01, 'gamma': 1e-08, 'kernel': 'rbf'};999,0;1,74;999,0;999,0;999,0;999,0;999,0
9;1-Hour;SVR-MLP;3;83,36;9,13;3,82;1,2;114,3;{'C': 1255555, 'epsilon': 0,01, 'gamma': 1e-08, 'kernel': 'rbf'};999,0;1,2;999,0;999,0;999,0;999,0;999,0
9;1-Hour;SVR-MLP;4;94,28;9,71;3,58;1,18;115,3;{'C': 1255555, 'epsilon': 0,01, 'gamma': 1e-08, 'kernel': 'rbf'};999,0;1,18;999,0;999,0;999,0;999,0;999,0
9;1-Hour;SVR-MLP;5;70,47;8,39;3,03;1,02;118,2;{'C': 12550, 'epsilon': 0,0001, 'gamma': 1e-07, 'kernel': 'rbf'};999,0;1,02;999,0;999,0;999,0;999,0;999,0
9;1-Hour;SVR-MLP;6;82,19;9,07;3,86;1,25;130,4;{'C': 12550, 'epsilon': 0,1, 'gamma': 1e-08, 'kernel': 'rbf'};999,0;1,25;999,0;999,0;999,0;999,0;999,0
9;1-Hour;SVR;1;737813,99;858,96;87,99;4,39;1,2;{'C': 12550, 'epsilon': 0,1, 'gamma': 1e-08, 'kernel': 'rbf'};999,0;999,0;4,39;999,0;999,0;999,0;999,0
9;1-Hour;SVR;2;781231,58;883,87;110,11;4,49;1,2;{'C': 12550, 'epsilon': 0,01, 'gamma': 1e-08, 'kernel': 'rbf'};999,0;999,0;4,49;999,0;999,0;999,0;999,0
9;1-Hour;SVR;3;1409795,15;1187,35;981,04;10,18;1,2;{'C': 125550, 'epsilon': 0,1, 'gamma': 1e-08, 'kernel': 'rbf'};999,0;999,0;10,18;999,0;999,0;999,0;999,0
9;1-Hour;SVR;4;1131424,41;1063,68;622,48;7,66;1,3;{'C': 125550, 'epsilon': 0,1, 'gamma': 1e-08, 'kernel': 'rbf'};999,0;999,0;7,66;999,0;999,0;999,0;999,0
9;1-Hour;SVR;5;775869,41;880,83;234,88;5,22;1,3;{'C': 12550, 'epsilon': 0,1, 'gamma': 1e-08, 'kernel': 'rbf'};999,0;999,0;5,22;999,0;999,0;999,0;999,0
9;1-Hour;SVR;6;807730,18;898,74;277,87;5,47;1,3;{'C': 12550, 'epsilon': 0,001, 'gamma': 1e-08, 'kernel': 'rbf'};999,0;999,0;5,47;999,0;999,0;999,0;999,0
11;1-Hour;ARIMA1;1;441,44;21,01;13,8;1,63;40,9;ARIMA(1,1,1)(0,0,0);999,0;999,0;999,0;999,0;1,63;999,0;999,0
11;1-Hour;ARIMA1;2;494,88;22,25;15,65;1,84;55,3;ARIMA(0,1,1)(0,0,0);999,0;999,0;999,0;999,0;1,84;999,0;999,0
11;1-Hour;ARIMA1;3;466,61;21,6;14,88;1,75;44,2;ARIMA(0,1,1)(0,0,0);999,0;999,0;999,0;999,0;1,75;999,0;999,0
11;1-Hour;ARIMA1;4;465,76;21,58;14,84;1,75;93,9;ARIMA(0,1,1)(0,0,0);999,0;999,0;999,0;999,0;1,75;999,0;999,0
11;1-Hour;ARIMA1;5;468,7;21,65;14,93;1,76;92,7;ARIMA(0,1,1)(0,0,0);999,0;999,0;999,0;999,0;1,76;999,0;999,0
11;1-Hour;ARIMA1;6;471,87;21,72;15,03;1,77;161,8;ARIMA(0,1,1)(0,0,0);999,0;999,0;999,0;999,0;1,77;999,0;999,0
11;1-Hour;ARIMA2;1;2129,73;46,15;38,09;4,39;126,6;ARIMA(1,1,5)(0,0,0);999,0;999,0;999,0;999,0;999,0;4,39;999,0
11;1-Hour;ARIMA2;2;3161,76;56,23;46,79;5,36;154,6;ARIMA(2,1,3)(0,0,0);999,0;999,0;999,0;999,0;999,0;5,36;999,0
11;1-Hour;ARIMA2;3;2198,98;46,89;38,84;4,47;261,4;ARIMA(1,1,1)(0,0,0);999,0;999,0;999,0;999,0;999,0;4,47;999,0
11;1-Hour;ARIMA2;4;2153,08;46,4;38,33;4,42;149,4;ARIMA(1,1,2)(0,0,0);999,0;999,0;999,0;999,0;999,0;4,42;999,0
11;1-Hour;ARIMA2;5;1373,0;37,05;30,35;3,51;90,3;ARIMA(1,1,1)(0,0,0);999,0;999,0;999,0;999,0;999,0;3,51;999,0
11;1-Hour;ARIMA2;6;1196,29;34,59;27,8;3,24;176,2;ARIMA(1,1,1)(0,0,0);999,0;999,0;999,0;999,0;999,0;3,24;999,0
11;1-Hour;LSTM;1;482,54;21,97;8,01;1,53;391,5; LSTM(100,90,96);999,0;999,0;999,0;1,53;999,0;999,0;999,0
11;1-Hour;LSTM;2;814,65;28,54;19,08;2,63;177,6; LSTM(100,90,96);999,0;999,0;999,0;2,63;999,0;999,0;999,0
11;1-Hour;LSTM;3;695,18;26,37;16,37;2,35;158,7; LSTM(100,90,96);999,0;999,0;999,0;2,35;999,0;999,0;999,0
11;1-Hour;LSTM;4;749,48;27,38;15,07;2,35;153,8; LSTM(100,90,96);999,0;999,0;999,0;2,35;999,0;999,0;999,0
11;1-Hour;LSTM;5;912,55;30,21;19,86;2,8;151,9; LSTM(100,90,96);999,0;999,0;999,0;2,8;999,0;999,0;999,0
11;1-Hour;LSTM;6;788,55;28,08;14,9;2,41;189,7; LSTM(100,90,96);999,0;999,0;999,0;2,41;999,0;999,0;999,0
11;1-Hour;MLP;1;426,6;20,65;8,89;1,55;219,1;{'activation': 'identity', 'alpha': 0,01, 'hidden_layer_sizes': (2, 6, 1), 'max_iter': 500, 'solver': 'adam'};999,0;999,0;999,0;999,0;999,0;999,0;1,55
11;1-Hour;MLP;2;434,39;20,84;8,44;1,56;256,9;{'activation': 'relu', 'alpha': 0,01, 'hidden_layer_sizes': (6, 12, 1), 'max_iter': 500, 'solver': 'adam'};999,0;999,0;999,0;999,0;999,0;999,0;1,56
11;1-Hour;MLP;3;426,71;20,66;7,7;1,51;246,8;{'activation': 'relu', 'alpha': 0,01, 'hidden_layer_sizes': (6, 12, 1), 'max_iter': 500, 'solver': 'adam'};999,0;999,0;999,0;999,0;999,0;999,0;1,51
11;1-Hour;MLP;4;505,05;22,47;10,99;1,82;257,9;{'activation': 'relu', 'alpha': 0,01, 'hidden_layer_sizes': (2, 6, 1), 'max_iter': 500, 'solver': 'adam'};999,0;999,0;999,0;999,0;999,0;999,0;1,82
11;1-Hour;MLP;5;437,96;20,93;8,26;1,56;288,4;{'activation': 'relu', 'alpha': 0,0001, 'hidden_layer_sizes': (6, 12, 1), 'max_iter': 500, 'solver': 'adam'};999,0;999,0;999,0;999,0;999,0;999,0;1,56
11;1-Hour;MLP;6;430,92;20,76;8,01;1,54;300,0;{'activation': 'identity', 'alpha': 0,01, 'hidden_layer_sizes': (2, 6, 1), 'max_iter': 500, 'solver': 'adam'};999,0;999,0;999,0;999,0;999,0;999,0;1,54
11;1-Hour;SVR-LSTM;1;1098,98;33,15;18,06;2,88;213,3;SVR-LSTM{'C': 12550, 'epsilon': 0.1, 'gamma': 1e-08, 'kernel': 'rbf'}-LSTM(100,96,90);2,88;999,0;999,0;999,0;999,0;999,0;999,0
11;1-Hour;SVR-LSTM;2;596,02;24,41;11,02;1,92;237,2;SVR-LSTM{'C': 1255555, 'epsilon': 0.1, 'gamma': 1e-08, 'kernel': 'rbf'}-LSTM(100,96,90);1,92;999,0;999,0;999,0;999,0;999,0;999,0
11;1-Hour;SVR-LSTM;3;2524,5;50,24;44,82;5,47;238,9;SVR-LSTM{'C': 125550, 'epsilon': 0.1, 'gamma': 1e-08, 'kernel': 'rbf'}-LSTM(100,96,90);5,47;999,0;999,0;999,0;999,0;999,0;999,0
11;1-Hour;SVR-LSTM;4;522,88;22,87;10,74;1,82;240,1;SVR-LSTM{'C': 125550, 'epsilon': 0.1, 'gamma': 1e-08, 'kernel': 'rbf'}-LSTM(100,96,90);1,82;999,0;999,0;999,0;999,0;999,0;999,0
11;1-Hour;SVR-LSTM;5;508,26;22,54;11,44;1,89;276,0;SVR-LSTM{'C': 125550, 'epsilon': 0.1, 'gamma': 1e-08, 'kernel': 'rbf'}-LSTM(100,96,90);1,89;999,0;999,0;999,0;999,0;999,0;999,0
11;1-Hour;SVR-LSTM;6;667,62;25,84;15,95;2,31;369,4;SVR-LSTM{'C': 125550, 'epsilon': 0.1, 'gamma': 1e-08, 'kernel': 'rbf'}-LSTM(100,96,90);2,31;999,0;999,0;999,0;999,0;999,0;999,0
11;1-Hour;SVR-LSTM;1;1061,46;32,58;17,51;2,82;258,8;SVR-LSTM{'C': 12550, 'epsilon': 0.1, 'gamma': 1e-08, 'kernel': 'rbf'}-LSTM(100,96,90);2,82;999,0;999,0;999,0;999,0;999,0;999,0
11;1-Hour;SVR-LSTM;2;600,2;24,5;11,12;1,93;169,6;SVR-LSTM{'C': 1255555, 'epsilon': 0.1, 'gamma': 1e-08, 'kernel': 'rbf'}-LSTM(100,96,90);1,93;999,0;999,0;999,0;999,0;999,0;999,0
11;1-Hour;SVR-LSTM;3;3348,61;57,87;53,07;6,41;156,9;SVR-LSTM{'C': 125550, 'epsilon': 0.1, 'gamma': 1e-08, 'kernel': 'rbf'}-LSTM(100,96,90);6,41;999,0;999,0;999,0;999,0;999,0;999,0
11;1-Hour;SVR-LSTM;4;794,71;28,19;19,48;2,67;159,7;SVR-LSTM{'C': 125550, 'epsilon': 0.1, 'gamma': 1e-08, 'kernel': 'rbf'}-LSTM(100,96,90);2,67;999,0;999,0;999,0;999,0;999,0;999,0
11;1-Hour;SVR-LSTM;5;708,76;26,62;15,45;2,35;157,7;SVR-LSTM{'C': 125550, 'epsilon': 0.1, 'gamma': 1e-08, 'kernel': 'rbf'}-LSTM(100,96,90);2,35;999,0;999,0;999,0;999,0;999,0;999,0
11;1-Hour;SVR-LSTM;6;720,82;26,85;17,41;2,46;161,6;SVR-LSTM{'C': 125550, 'epsilon': 0.1, 'gamma': 1e-08, 'kernel': 'rbf'}-LSTM(100,96,90);2,46;999,0;999,0;999,0;999,0;999,0;999,0
11;1-Hour;SVR-MLP;1;441,33;21,01;9,63;1,64;247,0;{'C': 12550, 'epsilon': 0,1, 'gamma': 1e-08, 'kernel': 'rbf'};999,0;1,64;999,0;999,0;999,0;999,0;999,0
11;1-Hour;SVR-MLP;2;546,84;23,38;10,35;1,83;197,4;{'C': 1255555, 'epsilon': 0,1, 'gamma': 1e-08, 'kernel': 'rbf'};999,0;1,83;999,0;999,0;999,0;999,0;999,0
11;1-Hour;SVR-MLP;3;437,42;20,91;8,74;1,59;180,6;{'C': 125550, 'epsilon': 0,1, 'gamma': 1e-08, 'kernel': 'rbf'};999,0;1,59;999,0;999,0;999,0;999,0;999,0
11;1-Hour;SVR-MLP;4;450,28;21,22;7,72;1,54;229,9;{'C': 125550, 'epsilon': 0,1, 'gamma': 1e-08, 'kernel': 'rbf'};999,0;1,54;999,0;999,0;999,0;999,0;999,0
11;1-Hour;SVR-MLP;5;461,38;21,48;9,03;1,65;211,6;{'C': 125550, 'epsilon': 0,1, 'gamma': 1e-08, 'kernel': 'rbf'};999,0;1,65;999,0;999,0;999,0;999,0;999,0
11;1-Hour;SVR-MLP;6;493,6;22,22;10,74;1,82;218,6;{'C': 125550, 'epsilon': 0,1, 'gamma': 1e-08, 'kernel': 'rbf'};999,0;1,82;999,0;999,0;999,0;999,0;999,0
11;1-Hour;SVR;1;5485330,46;2342,08;1906,78;10,09;3,0;{'C': 125550, 'epsilon': 0,01, 'gamma': 1e-05, 'kernel': 'rbf'};999,0;999,0;10,09;999,0;999,0;999,0;999,0
11;1-Hour;SVR;2;2636824,99;1623,83;1214,01;6,86;2,8;{'C': 12550, 'epsilon': 0,0001, 'gamma': 1e-07, 'kernel': 'rbf'};999,0;999,0;6,86;999,0;999,0;999,0;999,0
11;1-Hour;SVR;3;18581241,12;4310,6;4430,51;21,04;2,9;{'C': 12550, 'epsilon': 0,0001, 'gamma': 1e-08, 'kernel': 'rbf'};999,0;999,0;21,04;999,0;999,0;999,0;999,0
11;1-Hour;SVR;4;5526941,83;2350,94;2304,1;11,28;3,0;{'C': 12550, 'epsilon': 0,001, 'gamma': 1e-08, 'kernel': 'rbf'};999,0;999,0;11,28;999,0;999,0;999,0;999,0
11;1-Hour;SVR;5;6560820,18;2561,41;2540,85;12,31;3,1;{'C': 12550, 'epsilon': 0,001, 'gamma': 1e-08, 'kernel': 'rbf'};999,0;999,0;12,31;999,0;999,0;999,0;999,0
11;1-Hour;SVR;6;3476196,23;1864,46;1674,65;8,71;3,1;{'C': 12550, 'epsilon': 0,1, 'gamma': 1e-08, 'kernel': 'rbf'};999,0;999,0;8,71;999,0;999,0;999,0;999,0
12;1-Hour;ARIMA1;1;2276,7;47,71;40,2;12,61;67,8;ARIMA(5,1,0)(0,0,0);999,0;999,0;999,0;999,0;12,61;999,0;999,0
12;1-Hour;ARIMA1;2;5609,97;74,9;63,14;22,1;99,8;ARIMA(1,1,0)(0,0,0);999,0;999,0;999,0;999,0;22,1;999,0;999,0
12;1-Hour;ARIMA1;3;5595,74;74,8;63,34;22,04;288,8;ARIMA(3,1,0)(0,0,0);999,0;999,0;999,0;999,0;22,04;999,0;999,0
12;1-Hour;ARIMA1;4;719434,34;848,19;746,48;722,42;260,3;ARIMA(3,1,0)(0,0,0);999,0;999,0;999,0;999,0;722,42;999,0;999,0
12;1-Hour;ARIMA1;5;2600,56;51,0;43,09;13,77;843,4;ARIMA(4,1,0)(0,0,0);999,0;999,0;999,0;999,0;13,77;999,0;999,0
12;1-Hour;ARIMA1;6;7638,34;87,4;73,53;27,3;231,0;ARIMA(1,1,0)(0,0,0);999,0;999,0;999,0;999,0;27,3;999,0;999,0
12;1-Hour;ARIMA2;1;2030,92;45,07;37,71;11,71;63,5;ARIMA(5,1,0)(0,0,0);999,0;999,0;999,0;999,0;999,0;11,71;999,0
12;1-Hour;ARIMA2;2;5684,57;75,4;63,67;22,36;104,4;ARIMA(1,1,0)(0,0,0);999,0;999,0;999,0;999,0;999,0;22,36;999,0
12;1-Hour;ARIMA2;3;120325,81;346,88;289,74;196,12;174,3;ARIMA(2,1,0)(0,0,0);999,0;999,0;999,0;999,0;999,0;196,12;999,0
12;1-Hour;ARIMA2;4;4689,69;68,48;59,18;19,45;127,3;ARIMA(1,1,0)(0,0,0);999,0;999,0;999,0;999,0;999,0;19,45;999,0
12;1-Hour;ARIMA2;5;19070,53;138,1;119,98;66,52;113,1;ARIMA(1,1,0)(0,0,0);999,0;999,0;999,0;999,0;999,0;66,52;999,0
12;1-Hour;ARIMA2;6;10646,53;103,18;89,17;28,7;833,0;ARIMA(5,1,1)(0,0,0);999,0;999,0;999,0;999,0;999,0;28,7;999,0
12;1-Hour;LSTM;1;1442,02;37,97;25,79;8,77;156,2; LSTM(100,90,96);999,0;999,0;999,0;8,77;999,0;999,0;999,0
12;1-Hour;LSTM;2;1340,47;36,61;19,35;8,45;162,5; LSTM(100,90,96);999,0;999,0;999,0;8,45;999,0;999,0;999,0
12;1-Hour;LSTM;3;1596,67;39,96;24,56;8,82;157,4; LSTM(100,90,96);999,0;999,0;999,0;8,82;999,0;999,0;999,0
12;1-Hour;LSTM;4;1216,21;34,87;17,79;7,61;158,1; LSTM(100,90,96);999,0;999,0;999,0;7,61;999,0;999,0;999,0
12;1-Hour;LSTM;5;1247,01;35,31;17,79;7,67;157,1; LSTM(100,90,96);999,0;999,0;999,0;7,67;999,0;999,0;999,0
12;1-Hour;LSTM;6;1245,84;35,3;15,68;7,34;164,7; LSTM(100,90,96);999,0;999,0;999,0;7,34;999,0;999,0;999,0
12;1-Hour;MLP;1;1266,66;35,59;19,72;8,15;186,4;{'activation': 'relu', 'alpha': 0,01, 'hidden_layer_sizes': (6, 18, 1), 'max_iter': 500, 'solver': 'adam'};999,0;999,0;999,0;999,0;999,0;999,0;8,15
12;1-Hour;MLP;2;1253,07;35,4;19,38;8,07;264,7;{'activation': 'relu', 'alpha': 0,0001, 'hidden_layer_sizes': (2, 6, 1), 'max_iter': 500, 'solver': 'adam'};999,0;999,0;999,0;999,0;999,0;999,0;8,07
12;1-Hour;MLP;3;1257,55;35,46;19,37;8,07;255,8;{'activation': 'identity', 'alpha': 0,0001, 'hidden_layer_sizes': (6, 18, 1), 'max_iter': 500, 'solver': 'adam'};999,0;999,0;999,0;999,0;999,0;999,0;8,07
12;1-Hour;MLP;4;1254,98;35,43;19,02;8,02;298,4;{'activation': 'relu', 'alpha': 0,0001, 'hidden_layer_sizes': (6, 12, 1), 'max_iter': 500, 'solver': 'adam'};999,0;999,0;999,0;999,0;999,0;999,0;8,02
12;1-Hour;MLP;5;1244,66;35,28;19,12;8,01;310,8;{'activation': 'identity', 'alpha': 0,01, 'hidden_layer_sizes': (4, 6, 1), 'max_iter': 500, 'solver': 'adam'};999,0;999,0;999,0;999,0;999,0;999,0;8,01
12;1-Hour;MLP;6;1238,85;35,2;19,08;8,02;340,5;{'activation': 'identity', 'alpha': 0,01, 'hidden_layer_sizes': (2, 6, 1), 'max_iter': 500, 'solver': 'adam'};999,0;999,0;999,0;999,0;999,0;999,0;8,02
12;1-Hour;SVR-LSTM;1;2588,28;50,88;43,7;13,19;276,7;SVR-LSTM{'C': 12550, 'epsilon': 0.001, 'gamma': 1e-07, 'kernel': 'rbf'}-LSTM(100,96,90);13,19;999,0;999,0;999,0;999,0;999,0;999,0
12;1-Hour;SVR-LSTM;2;2551,28;50,51;42,91;12,82;266,1;SVR-LSTM{'C': 12550, 'epsilon': 0.01, 'gamma': 1e-08, 'kernel': 'rbf'}-LSTM(100,96,90);12,82;999,0;999,0;999,0;999,0;999,0;999,0
12;1-Hour;SVR-LSTM;3;1543,95;39,29;29,19;9,88;214,9;SVR-LSTM{'C': 125550, 'epsilon': 0.001, 'gamma': 1e-08, 'kernel': 'rbf'}-LSTM(100,96,90);9,88;999,0;999,0;999,0;999,0;999,0;999,0
12;1-Hour;SVR-LSTM;4;2285,79;47,81;39,42;11,65;168,5;SVR-LSTM{'C': 12550, 'epsilon': 0.0001, 'gamma': 1e-08, 'kernel': 'rbf'}-LSTM(100,96,90);11,65;999,0;999,0;999,0;999,0;999,0;999,0
12;1-Hour;SVR-LSTM;5;2183,31;46,73;37,35;10,86;164,5;SVR-LSTM{'C': 125550, 'epsilon': 0.0001, 'gamma': 1e-08, 'kernel': 'rbf'}-LSTM(100,96,90);10,86;999,0;999,0;999,0;999,0;999,0;999,0
12;1-Hour;SVR-LSTM;6;1993,74;44,65;34,99;10,63;161,4;SVR-LSTM{'C': 125550, 'epsilon': 0.1, 'gamma': 1e-08, 'kernel': 'rbf'}-LSTM(100,96,90);10,63;999,0;999,0;999,0;999,0;999,0;999,0
12;1-Hour;SVR-LSTM;1;2589,11;50,88;43,71;13,19;171,3;SVR-LSTM{'C': 12550, 'epsilon': 0.001, 'gamma': 1e-07, 'kernel': 'rbf'}-LSTM(100,96,90);13,19;999,0;999,0;999,0;999,0;999,0;999,0
12;1-Hour;SVR-LSTM;2;2544,58;50,44;42,83;12,81;200,2;SVR-LSTM{'C': 12550, 'epsilon': 0.01, 'gamma': 1e-08, 'kernel': 'rbf'}-LSTM(100,96,90);12,81;999,0;999,0;999,0;999,0;999,0;999,0
12;1-Hour;SVR-LSTM;3;1534,5;39,17;29,11;9,87;188,3;SVR-LSTM{'C': 125550, 'epsilon': 0.001, 'gamma': 1e-08, 'kernel': 'rbf'}-LSTM(100,96,90);9,87;999,0;999,0;999,0;999,0;999,0;999,0
12;1-Hour;SVR-LSTM;4;2304,37;48,0;39,68;11,67;183,5;SVR-LSTM{'C': 12550, 'epsilon': 0.0001, 'gamma': 1e-08, 'kernel': 'rbf'}-LSTM(100,96,90);11,67;999,0;999,0;999,0;999,0;999,0;999,0
12;1-Hour;SVR-LSTM;5;1870,62;43,25;32,89;10,21;183,0;SVR-LSTM{'C': 125550, 'epsilon': 0.0001, 'gamma': 1e-08, 'kernel': 'rbf'}-LSTM(100,96,90);10,21;999,0;999,0;999,0;999,0;999,0;999,0
12;1-Hour;SVR-LSTM;6;2293,11;47,89;39,07;11,21;183,2;SVR-LSTM{'C': 125550, 'epsilon': 0.1, 'gamma': 1e-08, 'kernel': 'rbf'}-LSTM(100,96,90);11,21;999,0;999,0;999,0;999,0;999,0;999,0
12;1-Hour;SVR-MLP;1;1302,35;36,09;20,52;8,32;205,4;{'C': 12550, 'epsilon': 0,001, 'gamma': 1e-07, 'kernel': 'rbf'};999,0;8,32;999,0;999,0;999,0;999,0;999,0
12;1-Hour;SVR-MLP;2;1279,38;35,77;19,19;8,13;236,6;{'C': 12550, 'epsilon': 0,01, 'gamma': 1e-08, 'kernel': 'rbf'};999,0;8,13;999,0;999,0;999,0;999,0;999,0
12;1-Hour;SVR-MLP;3;1263,95;35,55;19,57;8,16;247,2;{'C': 125550, 'epsilon': 0,001, 'gamma': 1e-08, 'kernel': 'rbf'};999,0;8,16;999,0;999,0;999,0;999,0;999,0
12;1-Hour;SVR-MLP;4;1313,09;36,24;18,81;8,11;251,9;{'C': 12550, 'epsilon': 0,0001, 'gamma': 1e-08, 'kernel': 'rbf'};999,0;8,11;999,0;999,0;999,0;999,0;999,0
12;1-Hour;SVR-MLP;5;1423,92;37,73;25,13;9,26;245,6;{'C': 125550, 'epsilon': 0,0001, 'gamma': 1e-08, 'kernel': 'rbf'};999,0;9,26;999,0;999,0;999,0;999,0;999,0
12;1-Hour;SVR-MLP;6;1301,32;36,07;18,35;8,09;258,7;{'C': 125550, 'epsilon': 0,1, 'gamma': 1e-08, 'kernel': 'rbf'};999,0;8,09;999,0;999,0;999,0;999,0;999,0
12;1-Hour;SVR;1;4101995,97;2025,34;2063,39;23,66;2,9;{'C': 12550, 'epsilon': 0,001, 'gamma': 1e-06, 'kernel': 'rbf'};999,0;999,0;23,66;999,0;999,0;999,0;999,0
12;1-Hour;SVR;2;4096427,41;2023,96;2046,57;24,64;2,8;{'C': 125550, 'epsilon': 0,0001, 'gamma': 1e-08, 'kernel': 'rbf'};999,0;999,0;24,64;999,0;999,0;999,0;999,0
12;1-Hour;SVR;3;1046582,81;1023,03;879,44;11,58;2,8;{'C': 125550, 'epsilon': 0,01, 'gamma': 1e-08, 'kernel': 'rbf'};999,0;999,0;11,58;999,0;999,0;999,0;999,0
12;1-Hour;SVR;4;2430712,6;1559,07;1538,37;18,9;2,9;{'C': 125550, 'epsilon': 0,01, 'gamma': 1e-08, 'kernel': 'rbf'};999,0;999,0;18,9;999,0;999,0;999,0;999,0
12;1-Hour;SVR;5;655164,77;809,42;475,76;8,1;3,1;{'C': 12550, 'epsilon': 0,1, 'gamma': 1e-07, 'kernel': 'rbf'};999,0;999,0;8,1;999,0;999,0;999,0;999,0
12;1-Hour;SVR;6;511559,32;715,23;274,1;6,33;3,3;{'C': 12550, 'epsilon': 0,0001, 'gamma': 1e-08, 'kernel': 'rbf'};999,0;999,0;6,33;999,0;999,0;999,0;999,0
13;1-Hour;ARIMA1;1;146192,23;382,35;296,16;8,29;89,7;ARIMA(2,1,1)(0,0,0);999,0;999,0;999,0;999,0;8,29;999,0;999,0
13;1-Hour;ARIMA1;2;114778,36;338,79;262,37;7,44;81,9;ARIMA(1,1,1)(0,0,0);999,0;999,0;999,0;999,0;7,44;999,0;999,0
13;1-Hour;ARIMA1;3;132535,1;364,05;283,58;8,15;188,3;ARIMA(5,1,1)(0,0,0);999,0;999,0;999,0;999,0;8,15;999,0;999,0
13;1-Hour;ARIMA1;4;150964,82;388,54;300,22;8,38;93,9;ARIMA(1,1,1)(0,0,0);999,0;999,0;999,0;999,0;8,38;999,0;999,0
13;1-Hour;ARIMA1;5;175294,04;418,68;322,79;8,92;136,9;ARIMA(1,1,1)(0,0,0);999,0;999,0;999,0;999,0;8,92;999,0;999,0
13;1-Hour;ARIMA1;6;185669,25;430,89;331,79;9,14;183,2;ARIMA(1,1,1)(0,0,0);999,0;999,0;999,0;999,0;9,14;999,0;999,0
13;1-Hour;ARIMA2;1;147425,34;383,96;297,76;8,31;61,5;ARIMA(2,1,1)(0,0,0);999,0;999,0;999,0;999,0;999,0;8,31;999,0
13;1-Hour;ARIMA2;2;119343,09;345,46;267,83;7,56;59,2;ARIMA(1,1,1)(0,0,0);999,0;999,0;999,0;999,0;999,0;7,56;999,0
13;1-Hour;ARIMA2;3;189491,37;435,31;336,95;9,26;163,1;ARIMA(1,1,3)(0,0,0);999,0;999,0;999,0;999,0;999,0;9,26;999,0
13;1-Hour;ARIMA2;4;156249,24;395,28;305,77;8,5;90,8;ARIMA(1,1,1)(0,0,0);999,0;999,0;999,0;999,0;999,0;8,5;999,0
13;1-Hour;ARIMA2;5;180717,27;425,11;328,13;9,04;115,8;ARIMA(1,1,1)(0,0,0);999,0;999,0;999,0;999,0;999,0;9,04;999,0
13;1-Hour;ARIMA2;6;185787,08;431,03;332,22;9,13;147,0;ARIMA(2,1,1)(0,0,0);999,0;999,0;999,0;999,0;999,0;9,13;999,0
13;1-Hour;LSTM;1;36065,72;189,91;63,6;3,37;125,8; LSTM(100,90,96);999,0;999,0;999,0;3,37;999,0;999,0;999,0
13;1-Hour;LSTM;2;34128,63;184,74;63,39;3,34;125,7; LSTM(100,90,96);999,0;999,0;999,0;3,34;999,0;999,0;999,0
13;1-Hour;LSTM;3;33218,7;182,26;65,27;3,34;128,8; LSTM(100,90,96);999,0;999,0;999,0;3,34;999,0;999,0;999,0
13;1-Hour;LSTM;4;33197,3;182,2;67,26;3,39;134,0; LSTM(100,90,96);999,0;999,0;999,0;3,39;999,0;999,0;999,0
13;1-Hour;LSTM;5;32983,92;181,61;68,06;3,39;127,3; LSTM(100,90,96);999,0;999,0;999,0;3,39;999,0;999,0;999,0
13;1-Hour;LSTM;6;32799,77;181,11;72,7;3,47;123,4; LSTM(100,90,96);999,0;999,0;999,0;3,47;999,0;999,0;999,0
13;1-Hour;MLP;1;46810,27;216,36;88,0;4,26;184,3;{'activation': 'relu', 'alpha': 0,0001, 'hidden_layer_sizes': (6, 18, 1), 'max_iter': 500, 'solver': 'adam'};999,0;999,0;999,0;999,0;999,0;999,0;4,26
13;1-Hour;MLP;2;45083,1;212,33;83,49;4,16;244,0;{'activation': 'identity', 'alpha': 0,01, 'hidden_layer_sizes': (6, 12, 1), 'max_iter': 500, 'solver': 'adam'};999,0;999,0;999,0;999,0;999,0;999,0;4,16
13;1-Hour;MLP;3;43588,28;208,78;71,95;3,94;235,5;{'activation': 'relu', 'alpha': 0,001, 'hidden_layer_sizes': (6, 12, 1), 'max_iter': 500, 'solver': 'adam'};999,0;999,0;999,0;999,0;999,0;999,0;3,94
13;1-Hour;MLP;4;42539,02;206,25;69,93;3,82;277,5;{'activation': 'identity', 'alpha': 0,01, 'hidden_layer_sizes': (6, 18, 1), 'max_iter': 500, 'solver': 'adam'};999,0;999,0;999,0;999,0;999,0;999,0;3,82
13;1-Hour;MLP;5;43318,2;208,13;77,65;4,0;267,6;{'activation': 'relu', 'alpha': 0,0001, 'hidden_layer_sizes': (6, 12, 1), 'max_iter': 500, 'solver': 'adam'};999,0;999,0;999,0;999,0;999,0;999,0;4,0
13;1-Hour;MLP;6;43475,33;208,51;78,42;4,03;291,0;{'activation': 'identity', 'alpha': 0,01, 'hidden_layer_sizes': (2, 6, 1), 'max_iter': 500, 'solver': 'adam'};999,0;999,0;999,0;999,0;999,0;999,0;4,03
13;1-Hour;SVR-LSTM;1;63133,65;251,26;173,6;5,91;153,2;SVR-LSTM{'C': 12550, 'epsilon': 0.1, 'gamma': 1e-08, 'kernel': 'rbf'}-LSTM(100,96,90);5,91;999,0;999,0;999,0;999,0;999,0;999,0
13;1-Hour;SVR-LSTM;2;69997,37;264,57;182,82;5,92;186,8;SVR-LSTM{'C': 12550, 'epsilon': 0.001, 'gamma': 1e-08, 'kernel': 'rbf'}-LSTM(100,96,90);5,92;999,0;999,0;999,0;999,0;999,0;999,0
13;1-Hour;SVR-LSTM;3;95589,74;309,18;235,91;7,31;187,0;SVR-LSTM{'C': 12550, 'epsilon': 0.001, 'gamma': 1e-08, 'kernel': 'rbf'}-LSTM(100,96,90);7,31;999,0;999,0;999,0;999,0;999,0;999,0
13;1-Hour;SVR-LSTM;4;72352,83;268,98;188,82;6,09;187,2;SVR-LSTM{'C': 12550, 'epsilon': 0.1, 'gamma': 1e-08, 'kernel': 'rbf'}-LSTM(100,96,90);6,09;999,0;999,0;999,0;999,0;999,0;999,0
13;1-Hour;SVR-LSTM;5;114407,85;338,24;276,71;8,25;188,3;SVR-LSTM{'C': 12550, 'epsilon': 0.0001, 'gamma': 1e-08, 'kernel': 'rbf'}-LSTM(100,96,90);8,25;999,0;999,0;999,0;999,0;999,0;999,0
13;1-Hour;SVR-LSTM;6;128171,53;358,01;244,16;8,6;186,2;SVR-LSTM{'C': 12550, 'epsilon': 0.1, 'gamma': 1e-05, 'kernel': 'rbf'}-LSTM(100,96,90);8,6;999,0;999,0;999,0;999,0;999,0;999,0
13;1-Hour;SVR-LSTM;1;63152,7;251,3;173,46;5,91;3140,4;SVR-LSTM{'C': 12550, 'epsilon': 0.1, 'gamma': 1e-08, 'kernel': 'rbf'}-LSTM(100,96,90);5,91;999,0;999,0;999,0;999,0;999,0;999,0
13;1-Hour;SVR-LSTM;2;70378,17;265,29;183,45;5,94;143,3;SVR-LSTM{'C': 12550, 'epsilon': 0.001, 'gamma': 1e-08, 'kernel': 'rbf'}-LSTM(100,96,90);5,94;999,0;999,0;999,0;999,0;999,0;999,0
13;1-Hour;SVR-LSTM;3;101799,83;319,06;248,33;7,61;380,8;SVR-LSTM{'C': 12550, 'epsilon': 0.001, 'gamma': 1e-08, 'kernel': 'rbf'}-LSTM(100,96,90);7,61;999,0;999,0;999,0;999,0;999,0;999,0
13;1-Hour;SVR-LSTM;4;69579,66;263,78;182,58;5,94;169,5;SVR-LSTM{'C': 12550, 'epsilon': 0.1, 'gamma': 1e-08, 'kernel': 'rbf'}-LSTM(100,96,90);5,94;999,0;999,0;999,0;999,0;999,0;999,0
13;1-Hour;SVR-LSTM;5;148132,52;384,88;331,77;9,69;206,5;SVR-LSTM{'C': 12550, 'epsilon': 0.0001, 'gamma': 1e-08, 'kernel': 'rbf'}-LSTM(100,96,90);9,69;999,0;999,0;999,0;999,0;999,0;999,0
13;1-Hour;SVR-LSTM;6;131978,97;363,29;253,04;8,73;201,6;SVR-LSTM{'C': 12550, 'epsilon': 0.1, 'gamma': 1e-05, 'kernel': 'rbf'}-LSTM(100,96,90);8,73;999,0;999,0;999,0;999,0;999,0;999,0
13;1-Hour;SVR-MLP;1;60973,0;246,93;157,04;5,83;227,2;{'C': 12550, 'epsilon': 0,1, 'gamma': 1e-08, 'kernel': 'rbf'};999,0;5,83;999,0;999,0;999,0;999,0;999,0
13;1-Hour;SVR-MLP;2;55951,69;236,54;144,83;5,14;250,0;{'C': 12550, 'epsilon': 0,001, 'gamma': 1e-08, 'kernel': 'rbf'};999,0;5,14;999,0;999,0;999,0;999,0;999,0
13;1-Hour;SVR-MLP;3;46291,11;215,15;88,16;4,33;252,0;{'C': 12550, 'epsilon': 0,001, 'gamma': 1e-08, 'kernel': 'rbf'};999,0;4,33;999,0;999,0;999,0;999,0;999,0
13;1-Hour;SVR-MLP;4;93462,57;305,72;233,23;7,18;278,5;{'C': 12550, 'epsilon': 0,1, 'gamma': 1e-08, 'kernel': 'rbf'};999,0;7,18;999,0;999,0;999,0;999,0;999,0
13;1-Hour;SVR-MLP;5;112337,81;335,17;272,96;8,16;223,8;{'C': 12550, 'epsilon': 0,0001, 'gamma': 1e-08, 'kernel': 'rbf'};999,0;8,16;999,0;999,0;999,0;999,0;999,0
13;1-Hour;SVR-MLP;6;106830,82;326,85;199,54;7,64;184,2;{'C': 12550, 'epsilon': 0,1, 'gamma': 1e-05, 'kernel': 'rbf'};999,0;7,64;999,0;999,0;999,0;999,0;999,0
13;1-Hour;SVR;1;474469656,87;21782,32;4669,02;78,1;2,5;{'C': 12550, 'epsilon': 0,0001, 'gamma': 1e-07, 'kernel': 'rbf'};999,0;999,0;78,1;999,0;999,0;999,0;999,0
13;1-Hour;SVR;2;526908067,12;22954,48;3823,43;86,3;2,6;{'C': 12550, 'epsilon': 0,1, 'gamma': 1e-08, 'kernel': 'rbf'};999,0;999,0;86,3;999,0;999,0;999,0;999,0
13;1-Hour;SVR;3;810074294,38;28461,8;6615,33;108,39;2,5;{'C': 12550, 'epsilon': 0,01, 'gamma': 1e-05, 'kernel': 'rbf'};999,0;999,0;108,39;999,0;999,0;999,0;999,0
13;1-Hour;SVR;4;809781102,39;28456,65;6798,09;108,55;2,8;{'C': 12550, 'epsilon': 0,1, 'gamma': 1e-05, 'kernel': 'rbf'};999,0;999,0;108,55;999,0;999,0;999,0;999,0
13;1-Hour;SVR;5;810090153,74;28462,08;6802,31;108,58;2,7;{'C': 12550, 'epsilon': 0,1, 'gamma': 1e-05, 'kernel': 'rbf'};999,0;999,0;108,58;999,0;999,0;999,0;999,0
13;1-Hour;SVR;6;810969563,08;28477,53;6842,15;108,62;2,7;{'C': 12550, 'epsilon': 0,1, 'gamma': 1e-06, 'kernel': 'rbf'};999,0;999,0;108,62;999,0;999,0;999,0;999,0
